run,segment,saved_selection_present,current_window_match,low,high,event_clock_previous_fraction,event_current_previous_fraction
4253,0,True,True,33.7875,45.7125,1.0,1.0
4253,2,True,True,33.7875,45.7125,0.9984567030530728,0.9984567030530728
4254,0,True,True,33.7875,45.7125,1.0,1.0
4254,1,True,True,33.7875,45.7125,0.9987672227861654,0.9987672227861654
4254,2,True,True,33.7875,45.7125,0.9978528785392592,0.9978528785392592
4255,0,True,True,16.787499999999998,22.7125,0.9999921245579908,0.9999921245579908
4256,0,True,True,8.7125,11.7875,0.9999946035789065,0.9999946035789065
4257,0,False,False,16.787499999999998,22.7125,0.9999984327394461,0.9999984327394461
4258,0,False,False,16.787499999999998,22.7125,1.0,1.0
4258,1,False,False,16.787499999999998,22.7125,0.9939787909651908,0.9939787909651908
4259,0,True,True,33.7875,45.7125,0.9999829351535836,0.9999829351535836
4300,0,True,True,33.3625,45.137499999999996,1.0,1.0
4300,1,True,True,33.3625,45.137499999999996,0.9986244528642686,0.9986244528642686
4300,2,True,True,32.9375,44.5625,0.9967083305826346,0.9967083305826346
4300,3,True,True,33.3625,45.137499999999996,0.9991509886903537,0.9991509886903537
4300,5,True,True,33.3625,45.137499999999996,0.997610117550199,0.997610117550199
4301,0,True,True,33.3625,45.137499999999996,1.0,1.0
4301,1,True,True,33.3625,45.137499999999996,0.9991170060170265,0.9991170060170265
4301,2,True,True,33.3625,45.137499999999996,0.998764350220547,0.998764350220547
4301,3,True,True,33.3625,45.137499999999996,0.9994662229288594,0.9994662229288594
4301,4,True,True,33.3625,45.137499999999996,0.9967988231864285,0.9967988231864285
4301,5,True,True,32.9375,44.5625,0.9969447767007455,0.9969447767007455
4302,0,True,True,32.9375,44.5625,1.0,1.0
4302,1,True,True,32.9375,44.5625,0.9984188037472238,0.9984188037472238
4302,2,True,True,32.9375,44.5625,0.9993905460593392,0.9993905460593392
4302,3,True,True,32.9375,44.5625,0.9964364934944185,0.9964364934944185
4302,4,True,True,33.3625,45.137499999999996,0.9968212858399059,0.9968212858399059
4302,5,True,True,32.9375,44.5625,0.9962861855201046,0.9962861855201046
4302,6,True,True,32.9375,44.5625,0.998952358251188,0.998952358251188
4302,7,True,True,33.3625,45.137499999999996,0.9840734712857475,0.9840734712857475
4303,0,True,True,32.9375,44.5625,1.0,1.0
4303,1,True,True,32.9375,44.5625,0.9972068257366452,0.9972068257366452
4303,2,True,True,32.9375,44.5625,0.9996398445644963,0.9996398445644963
4303,3,True,True,32.9375,44.5625,0.996993101283953,0.996993101283953
4303,4,True,True,32.9375,44.5625,0.9965316470594936,0.9965316470594936
4303,5,True,True,32.9375,44.5625,0.9966124583270992,0.9966124583270992
4303,6,True,True,32.9375,44.5625,0.99647958400956,0.99647958400956
4304,0,True,True,24.8625,33.637499999999996,1.0,1.0
4304,1,True,True,24.8625,33.637499999999996,0.9945715161620768,0.9945715161620768
4305,0,True,True,16.3625,22.1375,0.9999982163464711,0.9999982163464711
4306,0,True,True,8.2875,11.212499999999999,0.9999985577144967,0.9999985577144967
4308,0,True,True,32.9375,44.5625,1.0,1.0
4308,1,True,True,32.512499999999996,43.9875,0.9978188366283273,0.9978188366283273
4308,2,True,True,32.512499999999996,43.9875,0.9955622614715541,0.9955622614715541
4308,3,True,True,32.9375,44.5625,0.9947246950214309,0.9947246950214309
4308,4,True,True,32.9375,44.5625,0.9936214461437013,0.9936214461437013
4308,5,True,True,32.9375,44.5625,0.9813015451701583,0.9813015451701583
4349,0,True,True,32.9375,44.5625,1.0,1.0
4349,1,True,True,33.3625,45.137499999999996,0.9986865290855431,0.9986865290855431
4349,2,True,True,33.3625,45.137499999999996,0.9999686577015402,0.9999686577015402
4349,3,True,True,32.9375,44.5625,0.9997708251041535,0.9997708251041535
4349,4,True,True,33.3625,45.137499999999996,0.9989610498145275,0.9989610498145275
4349,5,True,True,33.3625,45.137499999999996,0.9984337616609192,0.9984337616609192
4350,0,True,True,32.9375,44.5625,1.0,1.0
4350,1,True,True,32.9375,44.5625,0.9984530544206079,0.9984530544206079
4350,2,True,True,33.3625,45.137499999999996,0.9995941865376917,0.9995941865376917
4350,3,True,True,33.3625,45.137499999999996,0.9995796444103086,0.9995796444103086
4350,4,True,True,33.7875,45.7125,0.9982765028087618,0.9982765028087618
4350,5,True,True,33.3625,45.137499999999996,0.9995004978908121,0.9995004978908121
4351,0,True,True,33.3625,45.137499999999996,1.0,1.0
4351,1,True,True,33.3625,45.137499999999996,0.9971811518403266,0.9971811518403266
4351,2,True,True,33.3625,45.137499999999996,0.9964604496617362,0.9964604496617362
4351,3,True,True,33.3625,45.137499999999996,0.9980948225439102,0.9980948225439102
4351,4,True,True,33.3625,45.137499999999996,0.9995319278483903,0.9995319278483903
4351,5,True,True,33.3625,45.137499999999996,0.998310891960499,0.998310891960499
4351,7,True,True,33.3625,45.137499999999996,0.9887643982350044,0.9887643982350044
4352,7,True,True,33.3625,45.137499999999996,0.9890287994015708,0.9890287994015708
4353,0,True,True,24.8625,33.637499999999996,1.0,1.0
4353,1,True,True,24.8625,33.637499999999996,0.9990668139450101,0.9990668139450101
4354,1,True,True,16.787499999999998,22.7125,0.996146828268825,0.996146828268825
4355,0,True,True,8.2875,11.212499999999999,0.9999986328413385,0.9999986328413385
4356,1,True,True,33.3625,45.137499999999996,0.9981232326050292,0.9981232326050292
4356,3,True,True,33.3625,45.137499999999996,0.9930000760861295,0.9930000760861295
4356,4,True,True,33.3625,45.137499999999996,0.9907313485824415,0.9907313485824415
4356,5,True,True,33.3625,45.137499999999996,0.9884732437230536,0.9884732437230536
4356,6,True,True,33.3625,45.137499999999996,0.8892948079264917,0.8892948079264917
4397,0,True,True,33.3625,45.137499999999996,1.0,1.0
4397,1,True,True,33.3625,45.137499999999996,0.9970814038169679,0.9970814038169679
4397,2,True,True,33.3625,45.137499999999996,0.9973929250694649,0.9973929250694649
4397,3,True,True,33.3625,45.137499999999996,0.997809273261663,0.997809273261663
4397,4,True,True,33.3625,45.137499999999996,0.9995727265803079,0.9995727265803079
4397,5,True,True,33.3625,45.137499999999996,0.9977733371395946,0.9977733371395946
4397,6,True,True,33.3625,45.137499999999996,0.9984804437619319,0.9984804437619319
4398,0,True,True,33.3625,45.137499999999996,1.0,1.0
4398,1,False,False,33.3625,45.137499999999996,0.9984883188273018,0.9984883188273018
4398,2,False,False,33.3625,45.137499999999996,0.9985784583794801,0.9985784583794801
4398,3,False,False,33.3625,45.137499999999996,0.9997253506715446,0.9997253506715446
4398,4,False,False,33.3625,45.137499999999996,0.9999503349630823,0.9999503349630823
4398,5,False,False,33.3625,45.137499999999996,0.9996869560362652,0.9996869560362652
4399,0,True,True,33.3625,45.137499999999996,1.0,1.0
4399,1,True,True,33.3625,45.137499999999996,0.999820777596437,0.999820777596437
4399,2,True,True,33.3625,45.137499999999996,0.9965907034948587,0.9965907034948587
4399,3,True,True,33.3625,45.137499999999996,0.9999981236795394,0.9999981236795394
4399,4,True,True,33.3625,45.137499999999996,0.9998156234654887,0.9998156234654887
4399,5,True,True,33.3625,45.137499999999996,0.9970883008115066,0.9970883008115066
4399,6,True,True,33.3625,45.137499999999996,0.9931785647150686,0.9931785647150686
4400,0,True,True,33.3625,45.137499999999996,1.0,1.0
4400,1,True,True,33.3625,45.137499999999996,0.9996993751569718,0.9996993751569718
4400,2,True,True,33.3625,45.137499999999996,0.9973141890938774,0.9973141890938774
4400,3,True,True,33.3625,45.137499999999996,0.998786828747846,0.998786828747846
4400,4,True,True,33.3625,45.137499999999996,0.9991273183576854,0.9991273183576854
4400,5,True,True,33.3625,45.137499999999996,0.998441058479365,0.998441058479365
4400,6,True,True,33.3625,45.137499999999996,0.9981350769564657,0.9981350769564657
4401,0,True,True,25.287499999999998,34.2125,1.0,1.0
4401,1,True,True,25.287499999999998,34.2125,0.9881246189135042,0.9881246189135042
4402,0,True,True,16.787499999999998,22.7125,0.9999987634780888,0.9999987634780888
4403,0,True,True,8.7125,11.7875,0.9999984803032099,0.9999984803032099
4404,0,True,True,33.3625,45.137499999999996,1.0,1.0
4404,1,True,True,33.3625,45.137499999999996,0.9976413898047172,0.9976413898047172
4404,2,True,True,33.3625,45.137499999999996,0.9965128517264554,0.9965128517264554
4404,3,True,True,33.3625,45.137499999999996,0.9933175253287346,0.9933175253287346
4404,4,True,True,33.3625,45.137499999999996,0.9916437366065202,0.9916437366065202
4404,5,True,True,33.3625,45.137499999999996,0.9875548131133849,0.9875548131133849
4483,1,False,False,33.7875,45.7125,0.9994538828389441,0.9994538828389441
4484,0,True,True,33.7875,45.7125,1.0,1.0
4484,1,True,True,33.7875,45.7125,0.9978110977344862,0.9978110977344862
4484,2,True,True,33.7875,45.7125,0.9980565553457635,0.9980565553457635
4484,3,True,True,33.7875,45.7125,0.998985761941731,0.998985761941731
4484,4,True,True,33.7875,45.7125,0.9965448677668738,0.9965448677668738
4484,5,True,True,33.7875,45.7125,0.9990924572520673,0.9990924572520673
4484,6,True,True,33.7875,45.7125,0.9964597741841676,0.9964597741841676
4485,0,True,True,33.7875,45.7125,1.0,1.0
4485,1,True,True,33.7875,45.7125,0.9992791069365737,0.9992791069365737
4485,2,True,True,33.7875,45.7125,0.9974068818343816,0.9974068818343816
4485,3,True,True,33.7875,45.7125,0.9978449347972853,0.9978449347972853
4485,4,True,True,33.7875,45.7125,0.9971565302066628,0.9971565302066628
4485,5,True,True,33.7875,45.7125,0.9972773926101983,0.9972773926101983
4487,0,True,True,33.7875,45.7125,1.0,1.0
4487,1,True,True,33.7875,45.7125,0.9991179920583138,0.9991179920583138
4487,2,True,True,33.7875,45.7125,0.9934144471567926,0.9934144471567926
4488,4,True,True,33.7875,45.7125,0.9976000424771243,0.9976000424771243
4489,0,True,True,33.7875,45.7125,1.0,1.0
4489,1,True,True,33.7875,45.7125,0.9999140979831304,0.9999140979831304
4489,2,True,True,33.7875,45.7125,0.9982746990217869,0.9982746990217869
4489,3,True,True,33.7875,45.7125,0.9984114750123934,0.9984114750123934
4489,4,True,True,33.7875,45.7125,0.9993174395110187,0.9993174395110187
4489,5,True,True,33.7875,45.7125,0.9984871461648162,0.9984871461648162
4489,6,True,True,33.7875,45.7125,0.955392972496819,0.955392972496819
4490,1,True,True,25.287499999999998,34.2125,0.9920149331121021,0.9920149331121021
4491,0,True,True,17.2125,23.287499999999998,0.9999986952494031,0.9999986952494031
4492,0,True,True,8.7125,11.7875,0.9999984621796143,0.9999984621796143
4493,0,True,True,33.7875,45.7125,1.0,1.0
4493,1,True,True,33.7875,45.7125,0.997997211306883,0.997997211306883
4493,2,True,True,33.7875,45.7125,0.996449944213409,0.996449944213409
4493,3,True,True,33.7875,45.7125,0.9937240085201339,0.9937240085201339
4493,4,True,True,33.7875,45.7125,0.992037832971993,0.992037832971993
4493,5,True,True,34.2125,46.287499999999994,0.9880506245890861,0.9880506245890861
4551,0,True,True,33.3625,45.137499999999996,1.0,1.0
4551,1,True,True,33.3625,45.137499999999996,0.9988559665344131,0.9988559665344131
4551,2,True,True,33.3625,45.137499999999996,0.9971407584791149,0.9971407584791149
4551,3,True,True,33.3625,45.137499999999996,0.9975892155144135,0.9975892155144135
4551,4,True,True,33.3625,45.137499999999996,0.9978962938050485,0.9978962938050485
4551,5,True,True,33.3625,45.137499999999996,0.9972297365856647,0.9972297365856647
4555,0,True,True,33.3625,45.137499999999996,1.0,1.0
4555,1,True,True,33.3625,45.137499999999996,0.9986819700629093,0.9986819700629093
4555,2,True,True,33.3625,45.137499999999996,0.9994804513341699,0.9994804513341699
4555,3,True,True,33.3625,45.137499999999996,0.9979933558566502,0.9979933558566502
4555,4,True,True,33.3625,45.137499999999996,0.9969728815127661,0.9969728815127661
4555,5,True,True,33.3625,45.137499999999996,0.9936678032148076,0.9936678032148076
4556,0,True,True,24.8625,33.637499999999996,1.0,1.0
4556,1,True,True,24.8625,33.637499999999996,0.9997432547050867,0.9997432547050867
4557,0,True,True,8.2875,11.212499999999999,0.9999985432381485,0.9999985432381485
4558,0,True,True,33.3625,45.137499999999996,1.0,1.0
4558,1,True,True,33.3625,45.137499999999996,0.9983901227056079,0.9983901227056079
4558,2,True,True,33.3625,45.137499999999996,0.9964629817444219,0.9964629817444219
4558,3,True,True,33.3625,45.137499999999996,0.9937878749461193,0.9937878749461193
4558,4,True,True,32.9375,44.5625,0.9936992900608519,0.9936992900608519
4558,5,True,True,33.3625,45.137499999999996,0.9840490797546012,0.9840490797546012
