run,component,index,segment_start,segment_end,ev_start,ev_end,t_start,t_end,dt,current,low,high,covered,nominal,stable,beam2,N,E_raw,E_tight,S,D,A,N_alt,E_alt,charge_uC,s1x_rate
4352,0,0,7,7,3724171,3726135,4165.615377,4167.615502,2.0001249999995707,39.046232626776344,33.3625,45.137499999999996,1,1,1,1,1964,80,80,1964.0,80.0,1964.0,1964,80,78.09734603262041,45742.141116190054
4352,0,1,7,7,3726135,3728257,4167.615502,4169.61548,1.9999780000007377,39.652356543834905,33.3625,45.137499999999996,1,1,1,1,2122,80,80,2125.0,80.0,2122.0,2122,80,79.30384073586902,46170.5078755696
4352,0,2,7,7,3728257,3730360,4169.61548,4171.616274,2.000793999999587,39.79973874338528,33.3625,45.137499999999996,1,1,1,1,2103,79,79,2105.0,80.0,2103.0,2103,80,79.63107847931678,46795.42221738936
4352,0,3,7,7,3730360,3731000,4171.616274,4172.26538,0.649105999999847,39.43749545510034,33.3625,45.137499999999996,1,1,1,1,640,26,26,640.0,25.0,640.0,640,25,25.599114924872993,45898.512723664586
4352,0,4,7,7,3731000,3733078,4172.26538,4174.265691,2.0003109999997832,39.19352882655929,33.3625,45.137499999999996,1,1,1,1,2078,79,79,2083.0,80.0,2078.0,2078,79,78.39924684056314,45686.89568772551
4352,0,5,7,7,3733078,3735173,4174.265691,4176.267036,2.0013450000005832,38.913784291400034,33.3625,45.137499999999996,1,1,1,1,2095,80,80,2095.0,80.0,2095.0,2095,80,77.87990762270056,46350.82906743863
4352,0,6,7,7,3735173,3737272,4176.267036,4178.26704,2.000003999999535,39.59818105976874,33.3625,45.137499999999996,1,1,1,1,2099,80,80,2099.0,80.0,2099.0,2099,80,79.19652051225421,45728.408543193545
4352,0,7,7,7,3737272,3739431,4178.26704,4180.268001,2.0009610000006433,39.36775500757518,33.3625,45.137499999999996,1,1,1,1,2159,80,80,2160.0,80.0,2159.0,2159,80,78.77334242773941,46945.44271476046
4352,0,8,7,7,3739431,3741483,4180.268001,4182.268022,2.0000209999998333,39.29655720062593,33.3625,45.137499999999996,1,1,1,1,2052,80,80,2054.0,80.0,2052.0,2052,80,78.59393962894683,46106.015886837034
4352,0,9,7,7,3741483,3743501,4182.268022,4184.268399,2.0003769999993892,39.327467115432455,33.3625,45.137499999999996,1,1,1,1,2018,80,80,2018.0,80.0,2018.0,2018,80,78.66976068593794,46146.30142219601
4352,0,10,7,7,3743501,3744000,4184.268399,4184.78077,0.5123710000007122,39.1302554474434,33.3625,45.137499999999996,1,1,1,1,499,20,20,500.0,20.0,499.0,499,20,20.049208113894565,46651.742584898
4352,0,11,7,7,3744000,3746034,4184.78077,4186.782738,2.0019679999995788,38.87919723858226,33.3625,45.137499999999996,1,1,1,1,2034,79,79,2039.0,80.0,2034.0,2034,79,77.83490873730625,45132.090023426455
4352,0,12,7,7,3746034,3748221,4186.782738,4188.782979,2.0002409999997326,39.35007978038076,33.3625,45.137499999999996,1,1,1,1,2187,80,80,2188.0,80.0,2187.0,2187,80,78.70964292998542,47374.791337650146
4352,0,13,7,7,3748221,3750219,4188.782979,4190.783013,2.0000340000005963,39.413264668976794,33.3625,45.137499999999996,1,1,1,1,1998,80,80,1999.0,80.0,1998.0,1998,80,78.82786938897334,46120.21595631499
4352,0,14,7,7,3750219,3752281,4190.783013,4192.782977,1.9999639999996361,39.17580851956722,33.3625,45.137499999999996,1,1,1,1,2062,80,80,2062.0,80.0,2062.0,2062,80,78.35020671001985,46153.83076896224
4352,0,15,7,7,3752281,3754332,4192.782977,4194.784949,2.0019720000000234,39.19281501266631,33.3625,45.137499999999996,1,1,1,1,2051,80,80,2052.0,80.0,2051.0,2051,80,78.46291825652588,45881.26107657796
4352,0,16,7,7,3754332,3756462,4194.784949,4196.788324,2.003375000000233,38.83075353609065,33.3625,45.137499999999996,1,1,1,1,2130,80,80,2132.0,80.0,2130.0,2130,80,77.79256086537498,46811.50558432101
4352,0,17,7,7,3756462,3757000,4196.788324,4197.305008,0.5166840000001685,38.46036242607454,33.3625,45.137499999999996,1,1,1,1,538,21,21,539.0,21.0,538.0,538,21,19.871853899763664,45381.70332348661
4352,0,18,7,7,3757000,3758974,4197.305008,4199.306795,2.0017870000001494,39.001636683499314,33.3625,45.137499999999996,1,1,1,1,1974,80,80,1975.0,80.0,1974.0,1974,80,78.07296929176664,44882.89713140973
4352,0,19,7,7,3758974,3761038,4199.306795,4201.307995,2.0011999999996988,38.93549078430986,33.3625,45.137499999999996,1,1,1,1,2064,80,80,2064.0,80.0,2064.0,2064,80,77.91770415756037,45653.1081351258
4352,0,20,7,7,3761038,3763056,4201.307995,4203.30829,2.0002949999998236,39.31808005099836,33.3625,45.137499999999996,1,1,1,1,2018,80,80,2020.0,80.0,2018.0,2018,80,78.64775893560727,45926.725807947376
4352,0,21,7,7,3763056,3765124,4203.30829,4205.30847,2.0001800000000003,39.24041600348914,33.3625,45.137499999999996,1,1,1,1,2068,80,80,2068.0,80.0,2068.0,2068,80,78.48789528186899,46624.8037676609
4352,0,22,7,7,3765124,3767146,4205.30847,4207.317263,2.0087929999999687,39.316162347558944,33.3625,45.137499999999996,1,1,1,1,2022,79,79,2028.0,80.0,2022.0,2022,79,78.97803171063424,46647.41464152925
4352,0,23,7,7,3767146,3769289,4207.317263,4209.317599,2.000336000000061,39.313944278095725,33.3625,45.137499999999996,1,1,1,1,2143,80,80,2143.0,80.0,2143.0,2143,80,78.64109804146574,45930.28371233492
4352,0,24,7,7,3769289,3770000,4209.317599,4210.041007,0.7234079999998357,39.263164363113894,33.3625,45.137499999999996,1,1,1,1,711,29,29,711.0,29.0,711.0,711,29,28.403287205583183,45564.88178179877
4352,0,25,7,7,3770000,3771998,4210.041007,4212.041062,2.0000550000004296,39.0461858498141,33.3625,45.137499999999996,1,1,1,1,1998,80,80,2002.0,80.0,1998.0,1998,80,78.09451923987945,46244.728269962645
4352,0,26,7,7,3771998,3773946,4212.041062,4214.043114,2.0020519999998214,38.87491966888249,33.3625,45.137499999999996,1,1,1,1,1948,80,80,1948.0,80.0,1948.0,1948,80,77.8296106729249,45406.41302024528
4352,0,27,7,7,3773946,3775934,4214.043114,4216.045146,2.0020320000003267,39.532031811201165,33.3625,45.137499999999996,1,1,1,1,1988,79,79,1991.0,80.0,1988.0,1988,79,79.1443927110522,46374.38362622818
4352,0,28,7,7,3775934,3778038,4216.045146,4218.04561,2.000463999999738,39.332744830087954,33.3625,45.137499999999996,1,1,1,1,2104,80,80,2105.0,80.0,2104.0,2104,80,78.68374005376245,46061.813659237094
4352,0,29,7,7,3778038,3780123,4218.04561,4220.046352,2.000742000000173,38.9614421757424,33.3625,45.137499999999996,1,1,1,1,2085,79,79,2089.0,80.0,2085.0,2085,80,77.95179374158033,47181.99547967296
4352,0,30,7,7,3780123,3782125,4220.046352,4222.048628,2.002275999999256,39.359667673090584,33.3625,45.137499999999996,1,1,1,1,2002,80,80,2003.0,80.0,2002.0,2002,80,78.80891794976196,45777.4053127711
4352,0,31,7,7,3782125,3783000,4222.048628,4222.902096,0.8534680000002481,38.794031142695395,33.3625,45.137499999999996,1,1,1,1,875,35,35,875.0,34.0,875.0,875,34,33.10946417131345,46825.422862940824
4352,0,32,7,7,3783000,3785094,4222.902096,4224.902713,2.0006170000006023,38.74428030933165,33.3625,45.137499999999996,1,1,1,1,2094,80,80,2096.0,80.0,2094.0,2094,80,77.51246583962347,45624.42486491543
4352,0,33,7,7,3785094,3787161,4224.902713,4226.904151,2.0014379999993253,39.68349447599816,33.3625,45.137499999999996,1,1,1,1,2067,79,79,2068.0,80.0,2067.0,2067,80,79.42405381702702,46750.886112900596
4352,0,34,7,7,3787161,3789226,4226.904151,4228.906426,2.002274999999827,39.19929866507414,33.3625,45.137499999999996,1,1,1,1,2065,80,80,2066.0,80.0,2065.0,2065,80,78.48777573459665,45537.20143337348
4352,0,35,7,7,3789226,3791263,4228.906426,4230.906523,2.000097000000096,38.72304526162462,33.3625,45.137499999999996,1,1,1,1,2037,79,79,2039.0,79.0,2037.0,2037,78,77.44984665865195,46353.75184303339
4352,0,36,7,7,3791263,3793360,4230.906523,4232.906575,2.0000520000003235,38.93558742610129,33.3625,45.137499999999996,1,1,1,1,2097,80,80,2097.0,80.0,2097.0,2097,80,77.87319950276287,45934.305708044165
4352,0,37,7,7,3793360,3795427,4232.906575,4234.90672,2.000144999999975,38.95368657227021,33.3625,45.137499999999996,1,1,1,1,2067,80,80,2068.0,80.0,2067.0,2067,80,77.91302142909262,45910.17151256591
4352,0,38,7,7,3795427,3796000,4234.90672,4235.458413,0.5516930000003413,39.518689511948885,33.3625,45.137499999999996,1,1,1,1,573,22,22,573.0,22.0,573.0,573,22,21.80218437293661,46108.977275376456
4352,0,39,7,7,3796000,3798110,4235.458413,4237.458621,2.000207999999475,39.426835449073586,33.3625,45.137499999999996,1,1,1,1,2110,80,80,2110.0,80.0,2110.0,2110,80,78.86187167989556,46902.62212731108
4352,0,40,7,7,3798110,3800214,4237.458621,4239.458789,2.0001680000004853,39.35494722974986,33.3625,45.137499999999996,1,1,1,1,2104,80,80,2104.0,80.0,2104.0,2104,80,78.71650609065546,46373.10465919737
4352,0,41,7,7,3800214,3802262,4239.458789,4241.46096,2.0021710000000894,38.50254187034372,33.3625,45.137499999999996,1,1,1,1,2048,80,80,2049.0,80.0,2049.0,2048,80,77.0886727590987,45553.05216187625
4352,0,42,7,7,3802262,3804365,4241.46096,4243.461612,2.000651999999718,38.47579694584344,33.3625,45.137499999999996,1,1,1,1,2103,80,80,2103.0,80.0,2102.0,2103,80,76.97668011128553,45710.09850789287
4352,0,43,7,7,3804365,3806403,4243.461612,4245.461785,2.000173000000359,38.28590980401445,33.3625,45.137499999999996,1,1,1,1,2038,80,80,2038.0,80.0,2038.0,2038,80,76.57844307043706,45264.58461342281
4352,0,44,7,7,3806403,3808432,4245.461785,4247.461994,2.0002089999998134,38.73312985750731,33.3625,45.137499999999996,1,1,1,1,2029,80,80,2030.0,80.0,2029.0,2029,80,77.47435493915691,45591.735663627405
4352,0,45,7,7,3808432,3809000,4247.461994,4248.008256,0.5462619999998424,38.5727201896493,33.3625,45.137499999999996,1,1,1,1,568,22,22,568.0,22.0,568.0,568,22,21.070811276236782,47023.22328847222
4352,0,46,7,7,3809000,3810976,4248.008256,4250.012168,2.0039120000001276,38.37087728030279,33.3625,45.137499999999996,1,1,1,1,1976,78,78,2036.0,80.0,1976.0,1976,78,76.891861432523,45546.411219651454
4352,0,47,7,7,3810976,3811434,4250.012168,4250.475485,0.4633169999997335,38.53094373625293,33.3625,45.137499999999996,1,1,1,1,458,18,18,459.0,18.0,458.0,458,18,17.852041259029647,46100.186265585515
