run,date,trigger,p,prescale_token,metadata_coin_status,events,working_trigger_description
4253,2/8/2024,6,1,ps6=0,sparse,1204035,NPS cluster-or-delayed-EDTM AND HMS EL-REAL coincidence
4254,2/8/2024,6,1,ps6=0,sparse,1131990,NPS cluster-or-delayed-EDTM AND HMS EL-REAL coincidence
4255,2/8/2024,6,1,ps6=0,sparse,126977,NPS cluster-or-delayed-EDTM AND HMS EL-REAL coincidence
4256,2/8/2024,6,1,ps6=0,sparse,185308,NPS cluster-or-delayed-EDTM AND HMS EL-REAL coincidence
4259,2/8/2024,6,5,ps6=3,off,58600,NPS cluster-or-delayed-EDTM AND HMS EL-REAL coincidence
4300,2/10/2024,4,1,ps4=0,sparse,3200599,HMS EL-REAL singles
4301,2/10/2024,4,1,ps4=0,sparse,3032228,HMS EL-REAL singles
4302,2/10/2024,4,1,ps4=0,sparse,3697226,HMS EL-REAL singles
4303,2/10/2024,4,1,ps4=0,sparse,3310432,HMS EL-REAL singles
4304,2/10/2024,4,1,ps4=0,sparse,910682,HMS EL-REAL singles
4305,2/10/2024,4,1,ps4=0,sparse,560647,HMS EL-REAL singles
4306,2/10/2024,4,1,ps4=0,sparse,693344,HMS EL-REAL singles
4308,2/10/2024,4,2,ps4=1,off,436491,HMS EL-REAL singles
4349,2/11/2024,4,1,ps4=0,sparse,3214736,HMS EL-REAL singles
4350,2/11/2024,4,1,ps4=0,sparse,3050355,HMS EL-REAL singles
4351,2/13/2024,4,1,ps4=0,sparse,3807421,HMS EL-REAL singles
4352,2/13/2024,4,1,ps4=0,sparse,3811434,HMS EL-REAL singles
4353,2/13/2024,4,1,ps4=0,sparse,1020313,HMS EL-REAL singles
4354,2/13/2024,4,1,ps4=0,sparse,931889,HMS EL-REAL singles
4355,2/13/2024,4,1,ps4=0,sparse,731444,HMS EL-REAL singles
4356,2/13/2024,4,2,ps4=1,off,482202,HMS EL-REAL singles
4397,2/13/2024,4,1,ps4=0,sparse,3495145,HMS EL-REAL singles
4398,2/13/2024,4,1,ps4=0,sparse,3222394,HMS EL-REAL singles
4399,2/13/2024,4,1,ps4=0,sparse,3450881,HMS EL-REAL singles
4400,2/13/2024,4,1,ps4=0,sparse,3569579,HMS EL-REAL singles
4401,2/13/2024,4,1,ps4=0,sparse,776164,HMS EL-REAL singles
4402,2/13/2024,4,1,ps4=0,sparse,808720,HMS EL-REAL singles
4403,2/13/2024,4,1,ps4=0,sparse,658026,HMS EL-REAL singles
4404,2/13/2024,4,2,ps4=1,off,466141,HMS EL-REAL singles
4484,2/24/2024,4,1,ps4=0,sparse,3480951,HMS EL-REAL singles
4485,2/25/2024,4,1,ps4=0,sparse,3211090,HMS EL-REAL singles
4487,2/27/2024,4,1,ps4=0,sparse,1435976,HMS EL-REAL singles
4488,2/28/2024,4,1,ps4=0,sparse,3057553,HMS EL-REAL singles
4489,2/29/2024,4,1,ps4=0,sparse,3366490,HMS EL-REAL singles
4490,3/1/2024,4,1,ps4=0,sparse,781888,HMS EL-REAL singles
4491,3/2/2024,4,1,ps4=0,sparse,766430,HMS EL-REAL singles
4492,3/3/2024,4,1,ps4=0,sparse,650271,HMS EL-REAL singles
4493,3/4/2024,4,2,ps4=1,off,455237,HMS EL-REAL singles
4551,2/21/2024,4,1,ps4=0,sparse,3402200,HMS EL-REAL singles
4555,2/21/2024,4,1,ps4=0,sparse,3145849,HMS EL-REAL singles
4556,2/21/2024,4,1,ps4=0,sparse,911726,HMS EL-REAL singles
4557,2/21/2024,4,1,ps4=0,sparse,686454,HMS EL-REAL singles
4558,2/21/2024,4,2,ps4=1,off,440866,HMS EL-REAL singles
