run,saved_counts_reproduced,E,D
4253,True,81924,81892.0
4254,True,125266,125216.0
4255,True,36899,36899.0
4256,True,108859,108861.0
4259,True,6642,32181.0
4300,True,96021,96132.0
4301,True,110501,110761.0
4302,True,141937,141702.0
4303,True,123459,123748.0
4304,True,46067,46105.0
4305,True,40134,40066.0
4306,True,94929,94940.0
4308,True,16623,33169.0
4349,True,113827,113855.0
4350,True,105801,105661.0
4351,True,120701,120874.0
4352,True,3383,3390.0
4353,True,50185,50139.0
4354,True,7179,7180.0
4355,True,98021,98039.0
4356,True,12019,24079.0
4397,True,131971,131855.0
4399,True,130732,130561.0
4400,True,136462,136172.0
4401,True,35692,35775.0
4402,True,56639,56740.0
4403,True,87696,87709.0
4404,True,17897,35833.0
4484,True,126827,126761.0
4485,True,116365,116304.0
4487,True,50992,51078.0
4488,True,19837,19817.0
4489,True,124924,124990.0
4490,True,4853,4854.0
4491,True,52841,52926.0
4492,True,84522,84526.0
4493,True,15792,32058.0
4551,True,123713,123767.0
4555,True,112058,112111.0
4556,True,45949,45825.0
4557,True,91929,91935.0
4558,True,16379,32809.0
