index,ev_start,ev_end,time_end,dt,current,event_N,event_EDTM,scaler_EDTM,scaler_TRIG4,scaler_L1,production_current
1,1.0,2027.0,23.963918,2.000747999999998,39.15782426475347,2026,77,80.0,2101.0,2026.0,True
2,2027.0,4120.0,25.963978,2.0000600000000013,39.189670946320476,2093,80,80.0,2094.0,2093.0,True
3,4120.0,6182.0,27.963973,1.9999949999999984,39.250748892997095,2062,79,80.0,2065.0,2062.0,True
4,6182.0,8239.0,29.964245,2.000271999999999,39.189027914793996,2057,80,79.0,2057.0,2057.0,True
5,8239.0,10316.0,31.964318,2.0000730000000004,39.022444298424034,2077,80,80.0,2077.0,2077.0,True
6,10316.0,12398.0,33.964553,2.0002350000000035,39.31805555647038,2082,80,80.0,2082.0,2082.0,True
7,12398.0,13000.0,34.569287,0.6047340000000005,39.89606817361582,602,24,24.0,603.0,602.0,True
8,13000.0,14994.0,36.569597,2.000309999999999,39.17120105370853,1994,79,80.0,1997.0,1994.0,True
9,14994.0,17012.0,38.569662,2.0000649999999993,39.22119689258481,2018,80,80.0,2018.0,2018.0,True
10,17012.0,19090.0,40.569874,2.0002119999999977,39.2063989757255,2078,80,80.0,2078.0,2078.0,True
11,19090.0,21157.0,42.570577,2.0007030000000015,39.14057640108677,2067,80,80.0,2070.0,2069.0,True
12,21157.0,23243.0,44.571764,2.0011870000000016,39.15021349349321,2086,80,80.0,2085.0,2084.0,True
13,23243.0,25311.0,46.571813,2.000048999999997,39.08803317943807,2068,80,80.0,2070.0,2068.0,True
14,25311.0,26000.0,47.23943,0.6676169999999999,39.13954069898806,689,27,27.0,689.0,689.0,True
15,26000.0,28053.0,49.24004,2.0006100000000018,39.09749080088973,2053,80,80.0,2057.0,2053.0,True
16,28053.0,30041.0,51.240014,1.9999740000000017,39.10798741738229,1988,79,79.0,1991.0,1988.0,True
17,30041.0,32109.0,53.24018,2.000166,39.17843545014731,2068,80,80.0,2069.0,2068.0,True
18,32109.0,34231.0,55.24261,2.002429999999997,39.32912814306678,2122,80,80.0,2122.0,2122.0,True
19,34231.0,36322.0,57.24573,2.0031200000000027,39.138731932878834,2091,80,80.0,2092.0,2091.0,True
20,36322.0,38383.0,59.24652,2.000789999999995,39.161693411502675,2061,77,80.0,2106.0,2061.0,True
21,38383.0,39000.0,59.806294,0.5597740000000044,39.52428390473466,617,23,23.0,617.0,617.0,True
22,39000.0,41084.0,61.807242,2.000948000000001,39.34145131702309,2084,80,80.0,2087.0,2084.0,True
23,41084.0,43212.0,63.807208,1.9999660000000006,39.21833564335123,2128,80,80.0,2128.0,2128.0,True
24,43212.0,45265.0,65.807233,2.0000249999999937,39.216819676958494,2053,80,80.0,2053.0,2053.0,True
25,45265.0,47319.0,67.808368,2.001135000000005,39.37111772558695,2054,79,79.0,2054.0,2054.0,True
26,47319.0,49332.0,69.808754,2.000385999999992,39.12627742151814,2013,80,80.0,2015.0,2013.0,True
27,49332.0,51363.0,71.810009,2.0012550000000005,39.41552454437528,2031,80,80.0,2031.0,2031.0,True
28,51363.0,52000.0,72.413724,0.6037150000000082,39.10096399660756,637,24,24.0,638.0,637.0,True
29,52000.0,54122.0,74.413785,2.0000610000000023,39.11697470235593,2122,79,80.0,2125.0,2122.0,True
30,54122.0,56103.0,76.41384,2.000054999999989,39.29099520592631,1981,80,80.0,1981.0,1981.0,True
31,56103.0,58190.0,78.417543,2.0037030000000016,39.27358119329419,2087,80,80.0,2089.0,2087.0,True
32,58190.0,60277.0,80.417765,2.000222000000008,39.29429459348544,2087,80,80.0,2099.0,2089.0,True
33,60277.0,62335.0,82.418191,2.0004259999999903,39.2574391144112,2058,80,80.0,2056.0,2056.0,True
34,62335.0,64349.0,84.418735,2.000544000000005,39.36482680982931,2014,80,80.0,2017.0,2014.0,True
35,64349.0,65000.0,85.125721,0.7069860000000006,39.15524168163137,651,28,28.0,651.0,651.0,True
36,65000.0,67117.0,87.12622,2.000499000000005,39.251221598839734,2117,80,80.0,2119.0,2117.0,True
37,67117.0,69207.0,89.126266,2.0000459999999975,39.3611393220128,2090,80,80.0,2090.0,2090.0,True
38,69207.0,71198.0,91.126529,2.000263000000004,39.2526523669191,1991,80,80.0,1991.0,1991.0,True
39,71198.0,73216.0,93.126666,2.000136999999995,39.44484684236047,2018,80,80.0,2018.0,2018.0,True
40,73216.0,75242.0,95.12717,2.0005040000000065,39.23638349815005,2026,80,80.0,2028.0,2026.0,True
41,75242.0,77274.0,97.127787,2.000616999999991,39.27959500220989,2032,80,80.0,2033.0,2032.0,True
42,77274.0,78000.0,97.831262,0.7034749999999974,39.229728894298944,726,28,28.0,727.0,726.0,True
43,78000.0,80090.0,99.831479,2.0002170000000064,39.424627245230425,2090,80,80.0,2093.0,2090.0,True
44,80090.0,82147.0,101.83153,2.000050999999999,39.21428052917777,2057,80,80.0,2057.0,2057.0,True
45,82147.0,84174.0,103.831671,2.0001409999999993,39.256128936553836,2027,80,80.0,2028.0,2028.0,True
46,84174.0,86249.0,105.831807,2.0001359999999977,39.34911388743085,2075,80,80.0,2077.0,2074.0,True
47,86249.0,88228.0,107.832027,2.0002199999999988,39.45540798160428,1979,80,80.0,1980.0,1979.0,True
48,88228.0,90262.0,109.832068,2.00004100000001,39.48090760497627,2034,79,80.0,2034.0,2034.0,True
49,90262.0,91000.0,110.632987,0.8009189999999933,39.14929239064479,738,32,32.0,739.0,738.0,True
50,91000.0,92978.0,112.633628,2.0006410000000017,39.25365754801997,1978,79,79.0,2005.0,1978.0,True
51,92978.0,95096.0,114.633775,2.0001469999999983,39.32139196235268,2118,80,80.0,2119.0,2118.0,True
52,95096.0,97041.0,116.634289,2.0005139999999955,39.34239214401245,1945,80,80.0,1947.0,1945.0,True
53,97041.0,99069.0,118.634763,2.000474000000011,39.43359847421464,2028,80,80.0,2028.0,2028.0,True
54,99069.0,101143.0,120.636079,2.0013159999999885,39.28046897314143,2074,80,80.0,2074.0,2074.0,True
55,101143.0,103226.0,122.640875,2.004795999999999,39.32327181804198,2083,80,80.0,2086.0,2083.0,True
56,103226.0,104000.0,123.389035,0.7481600000000128,39.465495035917755,774,30,30.0,774.0,774.0,True
57,104000.0,106052.0,125.3937,2.0046649999999886,39.219221329581266,2052,80,80.0,2055.0,2052.0,True
58,106052.0,108174.0,127.394897,2.0011970000000048,39.487370314285165,2122,80,80.0,2122.0,2122.0,True
59,108174.0,110307.0,129.395797,2.0008999999999872,39.50346211559205,2133,80,80.0,2133.0,2133.0,True
60,110307.0,112270.0,131.39622,2.000423000000012,39.34214167204706,1963,80,80.0,1963.0,1963.0,True
61,112270.0,114336.0,133.396408,2.0001880000000085,39.52902084242723,2066,80,80.0,2067.0,2067.0,True
62,114336.0,116495.0,135.397393,2.000984999999986,39.61125166565091,2159,80,80.0,2159.0,2158.0,True
63,116495.0,117000.0,135.859988,0.4625949999999932,39.84587168312192,505,18,18.0,505.0,505.0,True
64,117000.0,119021.0,137.861146,2.0011580000000038,39.68037660732305,2021,79,80.0,2024.0,2021.0,True
65,119021.0,121042.0,139.861464,2.0003180000000214,39.366231380963676,2021,80,80.0,2022.0,2021.0,True
66,121042.0,123072.0,141.865345,2.0038809999999785,39.219826882015894,2030,80,80.0,2032.0,2030.0,True
67,123072.0,125175.0,143.865433,2.000088000000005,39.13489168527215,2103,80,80.0,2104.0,2103.0,True
68,125175.0,127263.0,145.865798,2.0003650000000164,38.97906279467725,2088,80,80.0,2088.0,2088.0,True
69,127263.0,129314.0,147.867579,2.001780999999994,39.01502659152017,2051,80,80.0,2052.0,2051.0,True
70,129314.0,130000.0,148.532421,0.664841999999993,39.12343665073993,686,27,27.0,686.0,686.0,True
71,130000.0,132024.0,150.533276,2.0008550000000014,39.16485400027174,2024,80,80.0,2029.0,2024.0,True
72,132024.0,134089.0,152.534205,2.000928999999985,39.3913988727273,2065,80,80.0,2066.0,2065.0,True
73,134089.0,136169.0,154.534235,2.0000300000000095,39.15550598667645,2080,80,80.0,2080.0,2080.0,True
74,136169.0,138293.0,156.534508,2.000272999999993,39.139416355100614,2124,79,79.0,2125.0,2124.0,True
75,138293.0,140393.0,158.536669,2.002161000000001,39.093165382319235,2100,80,80.0,2101.0,2100.0,True
76,140393.0,142461.0,160.537195,2.000526000000008,39.19876477477551,2068,80,80.0,2069.0,2068.0,True
77,142461.0,143000.0,161.067325,0.530130000000014,39.24692351103296,539,22,22.0,539.0,539.0,True
78,143000.0,145055.0,163.0676,2.000274999999988,39.186468989043995,2055,79,80.0,2056.0,2055.0,True
79,145055.0,147070.0,165.068812,2.0012120000000095,38.9961780935056,2015,80,79.0,2015.0,2015.0,True
80,147070.0,149157.0,167.072055,2.0032429999999977,39.239902969201694,2087,80,80.0,2087.0,2087.0,True
81,149157.0,151140.0,169.074431,2.002375999999998,39.22923028232294,1983,79,81.0,1984.0,1983.0,True
82,151140.0,153193.0,171.07503,2.000598999999994,39.310311669553386,2053,80,79.0,2055.0,2053.0,True
83,153193.0,155262.0,173.077232,2.002202000000011,39.32635102991451,2069,80,80.0,2069.0,2069.0,True
84,155262.0,156000.0,173.760362,0.6831299999999771,38.874211425436606,738,28,28.0,739.0,738.0,True
85,156000.0,157995.0,175.762637,2.002275000000026,39.109112619832594,1995,80,80.0,1997.0,1995.0,True
86,157995.0,160049.0,177.763128,2.0004909999999825,39.19225925007832,2054,80,80.0,2054.0,2054.0,True
87,160049.0,162087.0,179.76351,2.000382000000002,39.19151944729413,2038,79,80.0,2039.0,2038.0,True
88,162087.0,164120.0,181.763749,2.0002389999999934,38.96681577566394,2033,79,79.0,2033.0,2033.0,True
89,164120.0,166190.0,183.764656,2.000907000000012,39.04229577624775,2070,80,80.0,2070.0,2070.0,True
90,166190.0,168277.0,185.76486,2.0002039999999965,39.079132359050654,2087,80,80.0,2087.0,2087.0,True
91,168277.0,169000.0,186.457844,0.6929839999999956,38.97282443980736,723,28,28.0,723.0,723.0,True
92,169000.0,171042.0,188.45804,2.0001960000000167,39.096218609338074,2042,80,80.0,2044.0,2042.0,True
93,171042.0,173156.0,190.458114,2.0000739999999837,39.14428137327024,2114,80,80.0,2114.0,2114.0,True
94,173156.0,174997.0,192.47604,2.017926000000017,35.90915416587182,1841,80,81.0,1841.0,1841.0,True
95,174997.0,175077.0,194.478316,2.002275999999995,1.0005382429551886,80,80,80.0,80.0,80.0,False
96,175077.0,175158.0,196.480593,2.0022769999999923,1.0006419196902219,81,80,80.0,81.0,81.0,False
97,175158.0,175238.0,198.482871,2.00227799999999,1.0023068065371468,80,80,80.0,80.0,80.0,False
98,175238.0,175318.0,200.485146,2.0022749999999974,1.0015794553233064,80,80,80.0,80.0,80.0,False
99,175318.0,175398.0,202.487423,2.0022770000000207,0.9996531527266044,80,80,80.0,80.0,80.0,False
100,175398.0,175478.0,204.4897,2.0022769999999923,0.9994449912605935,80,80,80.0,80.0,80.0,False
101,175478.0,175559.0,206.491977,2.0022769999999923,1.002151090318884,81,80,80.0,81.0,81.0,False
102,175559.0,175639.0,208.494253,2.002275999999995,1.0019433335525858,80,80,80.0,80.0,80.0,False
103,175639.0,175719.0,210.496529,2.0022760000000233,0.9992372331427724,80,80,80.0,80.0,80.0,False
104,175719.0,175843.0,212.498807,2.00227799999999,1.5497711887550167,124,80,80.0,124.0,124.0,False
105,175843.0,176048.0,214.499363,2.000555999999989,2.590507435265197,205,80,79.0,205.0,205.0,False
106,176048.0,176246.0,216.503361,2.003998000000024,2.603389776218263,198,80,81.0,198.0,198.0,False
107,176246.0,176550.0,218.505637,2.002275999999995,3.921617514158967,304,80,80.0,304.0,304.0,False
108,176550.0,176865.0,220.507916,2.0022789999999873,5.0930914457944745,315,80,80.0,315.0,315.0,False
109,176865.0,177296.0,222.509256,2.001339999999999,7.29403267404879,431,80,79.0,431.0,431.0,False
110,177296.0,177891.0,224.512467,2.003210999999993,10.15676328783453,595,80,81.0,595.0,595.0,False
111,177891.0,178543.0,226.513978,2.001511000000022,11.841776614197979,652,80,79.0,652.0,652.0,False
112,178543.0,179389.0,228.515782,2.001803999999993,14.575438843295418,846,80,80.0,846.0,846.0,False
113,179389.0,180318.0,230.515854,2.0000719999999887,16.882643887214652,929,80,80.0,929.0,929.0,False
114,180318.0,181284.0,232.516449,2.000595000000004,18.19606078908724,966,80,80.0,966.0,966.0,False
115,181284.0,182000.0,233.840114,1.3236650000000054,20.674865471564132,716,53,53.0,716.0,716.0,False
116,182000.0,183197.0,235.843212,2.0030979999999943,21.47932086406457,1197,80,80.0,1198.0,1197.0,False
117,183197.0,184441.0,237.843589,2.0003770000000145,23.285945771827866,1244,80,80.0,1244.0,1244.0,False
118,184441.0,185785.0,239.844357,2.0007679999999937,25.66594985783256,1344,80,80.0,1345.0,1345.0,False
119,185785.0,187222.0,241.84523,2.0008729999999844,26.772444569166982,1437,80,80.0,1436.0,1436.0,False
120,187222.0,188805.0,243.845923,2.0006930000000125,28.559671356723523,1583,80,80.0,1583.0,1583.0,False
121,188805.0,190415.0,245.8462,2.000277000000011,30.981720775081875,1610,80,80.0,1613.0,1610.0,False
122,190415.0,192133.0,247.847564,2.0013639999999953,32.28904006025781,1718,80,80.0,1718.0,1718.0,False
123,192133.0,193960.0,249.84881,2.0012459999999805,34.20872294497417,1827,80,80.0,1828.0,1827.0,True
124,193960.0,195000.0,250.994831,1.1460210000000188,35.422318175642026,1040,46,46.0,1040.0,1040.0,True
125,195000.0,196979.0,252.994853,2.0000220000000013,36.53190201789095,1979,79,80.0,1980.0,1979.0,True
126,196979.0,198915.0,254.995374,2.000520999999992,37.28298123545667,1936,80,79.0,1936.0,1936.0,True
127,198915.0,200870.0,256.997106,2.0017319999999756,37.58754844052725,1955,80,80.0,1955.0,1955.0,True
128,200870.0,202893.0,258.998945,2.001839000000018,38.145522353860386,2023,80,80.0,2027.0,2023.0,True
129,202893.0,204869.0,260.999612,2.0006670000000213,38.18916172705711,1976,80,80.0,1976.0,1976.0,True
130,204869.0,206853.0,263.001032,2.001419999999996,38.04772881234533,1984,80,80.0,1984.0,1984.0,True
131,206853.0,208000.0,264.119253,1.1182210000000055,38.2208312007846,1147,45,45.0,1148.0,1147.0,True
132,208000.0,210086.0,266.119501,2.000247999999999,38.754257516352666,2086,80,80.0,2088.0,2086.0,True
133,210086.0,212161.0,268.122349,2.0028479999999718,38.80954907478659,2075,80,80.0,2077.0,2075.0,True
134,212161.0,214198.0,270.123785,2.0014360000000124,38.80217238387719,2037,80,80.0,2037.0,2037.0,True
135,214198.0,216281.0,272.124347,2.000562000000002,38.78883116672178,2083,80,80.0,2083.0,2083.0,True
136,216281.0,218270.0,274.125176,2.00082900000001,38.86205800659033,1989,80,80.0,1989.0,1989.0,True
137,218270.0,220298.0,276.129514,2.0043379999999615,38.98322581365794,2028,80,80.0,2028.0,2028.0,True
138,220298.0,221000.0,276.798439,0.6689250000000015,39.29501459554422,702,27,27.0,703.0,702.0,True
139,221000.0,223094.0,278.79892,2.000481000000036,39.22209175917254,2094,79,79.0,2098.0,2094.0,True
140,223094.0,225128.0,280.79944,2.0005199999999945,38.88652159149687,2034,80,80.0,2034.0,2034.0,True
141,225128.0,227206.0,282.799553,2.000112999999999,39.13393605186911,2078,80,80.0,2079.0,2078.0,True
142,227206.0,229225.0,284.801314,2.0017609999999877,38.95919640042577,2019,80,80.0,2021.0,2019.0,True
143,229225.0,231248.0,286.802044,2.0007300000000328,39.06594008108306,2023,80,80.0,2023.0,2023.0,True
144,231248.0,233291.0,288.80213,2.0000859999999534,39.012605992068494,2043,80,80.0,2043.0,2043.0,True
145,233291.0,234000.0,289.459707,0.6575770000000034,39.18355802226069,709,26,26.0,709.0,709.0,True
146,234000.0,236076.0,291.46046,2.0007530000000315,39.042057191829066,2076,79,80.0,2079.0,2076.0,True
147,236076.0,238050.0,293.462422,2.001961999999992,38.838090732127085,1974,80,80.0,1974.0,1974.0,True
148,238050.0,240128.0,295.464343,2.0019209999999816,38.97894775407842,2078,80,80.0,2080.0,2078.0,True
149,240128.0,242162.0,297.464935,2.00059200000004,39.03080848785572,2034,80,80.0,2035.0,2034.0,True
150,242162.0,244226.0,299.465294,2.0003589999999463,39.10549802694808,2064,80,80.0,2065.0,2064.0,True
151,244226.0,246305.0,301.465716,2.0004220000000146,39.07354021043013,2079,80,80.0,2080.0,2079.0,True
152,246305.0,247000.0,302.130434,0.6647179999999935,38.92111502848152,695,27,27.0,697.0,695.0,True
153,247000.0,249185.0,304.131403,2.0009689999999978,38.832898599682366,2185,80,80.0,2189.0,2185.0,True
154,249185.0,251206.0,306.133759,2.0023560000000202,38.90542150703523,2021,80,80.0,2023.0,2021.0,True
155,251206.0,253263.0,308.134052,2.000292999999999,39.032342553052835,2057,80,80.0,2057.0,2057.0,True
156,253263.0,255258.0,310.134825,2.000772999999981,39.03099254300384,1995,79,80.0,1997.0,1995.0,True
157,255258.0,257288.0,312.134956,2.0001310000000103,38.93291102327432,2030,79,79.0,2072.0,2030.0,True
158,257288.0,259477.0,314.135019,2.0000630000000115,38.94183448971049,2189,80,80.0,2193.0,2190.0,True
159,259477.0,260000.0,314.644304,0.5092849999999771,38.6748629405536,523,21,21.0,523.0,522.0,True
160,260000.0,262111.0,316.644595,2.0002910000000043,39.1354715255294,2111,80,80.0,2115.0,2111.0,True
161,262111.0,264171.0,318.648286,2.0036910000000034,38.87733948844853,2060,80,80.0,2060.0,2060.0,True
162,264171.0,266189.0,320.649835,2.0015490000000113,38.92207162175776,2018,80,80.0,2018.0,2018.0,True
163,266189.0,268323.0,322.650014,2.000179000000003,39.04992428680389,2134,80,80.0,2135.0,2134.0,True
164,268323.0,270359.0,324.650292,2.0002779999999802,39.263559310239074,2036,79,79.0,2036.0,2036.0,True
165,270359.0,272401.0,326.65077,2.0004780000000437,39.02192722620463,2042,80,80.0,2042.0,2042.0,True
166,272401.0,273000.0,327.21147,0.5606999999999971,39.033013928409815,599,23,23.0,599.0,599.0,True
167,273000.0,275039.0,329.211978,2.000507999999968,39.06124309008256,2039,80,80.0,2040.0,2039.0,True
168,275039.0,277041.0,331.212837,2.0008589999999913,38.973131817263,2002,80,80.0,2002.0,2002.0,True
169,277041.0,278953.0,333.213234,2.000397000000021,38.94916814639012,1912,80,80.0,1913.0,1912.0,True
170,278953.0,281018.0,335.21334,2.0001060000000166,38.910733132519084,2065,79,80.0,2067.0,2065.0,True
171,281018.0,282991.0,337.213955,2.000614999999982,38.85723609225375,1973,80,79.0,1973.0,1973.0,True
172,282991.0,285058.0,339.214161,2.0002059999999915,38.80851594751111,2067,80,80.0,2068.0,2067.0,True
173,285058.0,286000.0,340.134276,0.9201150000000098,38.90517797577113,942,37,37.0,943.0,942.0,True
174,286000.0,287998.0,342.134526,2.000249999999994,38.78792319606513,1998,80,80.0,2002.0,1998.0,True
175,287998.0,290127.0,344.135113,2.000586999999996,38.812151380938744,2129,80,80.0,2129.0,2129.0,True
176,290127.0,292140.0,346.135373,2.0002600000000257,38.79158510998189,2013,80,80.0,2013.0,2013.0,True
177,292140.0,294183.0,348.135755,2.000382000000002,38.849186166700854,2043,80,80.0,2044.0,2043.0,True
178,294183.0,296285.0,350.136796,2.0010409999999865,38.87030225790947,2102,80,80.0,2103.0,2102.0,True
179,296285.0,298382.0,352.138986,2.0021899999999846,39.011675640723354,2097,80,80.0,2098.0,2097.0,True
180,298382.0,299000.0,352.78127,0.6422840000000178,38.88549283780599,618,25,25.0,618.0,618.0,True
181,299000.0,301074.0,354.781818,2.0005479999999807,38.80347682786428,2074,79,80.0,2078.0,2074.0,True
182,301074.0,303083.0,356.783047,2.0012290000000235,39.06270328002497,2009,80,80.0,2010.0,2009.0,True
183,303083.0,305221.0,358.786578,2.0035310000000095,39.11035535185036,2138,80,80.0,2138.0,2138.0,True
184,305221.0,307275.0,360.789283,2.0027049999999917,39.10091274860135,2054,80,80.0,2057.0,2054.0,True
185,307275.0,309352.0,362.789965,2.0006819999999834,39.24639889930524,2077,80,80.0,2078.0,2077.0,True
186,309352.0,311446.0,364.790538,2.0005730000000312,38.90106979333168,2094,80,80.0,2094.0,2094.0,True
187,311446.0,312000.0,365.325121,0.5345829999999978,38.824529847313805,554,22,22.0,554.0,554.0,True
188,312000.0,314131.0,367.326742,2.001621,38.827183324974605,2131,80,80.0,2134.0,2131.0,True
189,314131.0,316174.0,369.327131,2.000388999999984,38.739142082285746,2043,79,80.0,2044.0,2043.0,True
190,316174.0,318253.0,371.327303,2.0001719999999636,38.88387680080861,2079,80,79.0,2082.0,2079.0,True
191,318253.0,320283.0,373.329345,2.002042000000017,39.028858175273385,2030,80,80.0,2031.0,2030.0,True
192,320283.0,322311.0,375.329898,2.000553000000025,39.092088660023315,2028,79,80.0,2030.0,2028.0,True
193,322311.0,324340.0,377.331189,2.0012909999999806,39.001050421047054,2029,80,80.0,2029.0,2029.0,True
194,324340.0,325000.0,377.984214,0.6530250000000137,38.819813544213154,660,26,26.0,661.0,660.0,True
195,325000.0,326981.0,379.985184,2.0009699999999953,38.639579270033074,1981,80,80.0,1982.0,1981.0,True
196,326981.0,329021.0,381.98537,2.000185999999985,38.843857670971175,2040,80,80.0,2041.0,2040.0,True
197,329021.0,331134.0,383.985905,2.0005350000000135,38.914722325167354,2113,80,80.0,2113.0,2113.0,True
198,331134.0,333172.0,385.98797,2.002065000000016,38.834384977920536,2038,80,80.0,2038.0,2038.0,True
199,333172.0,335247.0,387.98883,2.0008599999999888,38.956031106270245,2075,80,80.0,2077.0,2075.0,True
200,335247.0,337304.0,389.989651,2.0008209999999735,39.008552468997344,2057,80,80.0,2057.0,2057.0,True
201,337304.0,338000.0,390.697818,0.7081670000000031,38.91546106723291,696,28,28.0,697.0,696.0,True
202,338000.0,340103.0,392.69792,2.0001020000000267,39.200157068846316,2103,80,80.0,2110.0,2103.0,True
203,340103.0,342167.0,394.699249,2.0013289999999984,39.367892553424745,2064,80,80.0,2064.0,2064.0,True
204,342167.0,344238.0,396.699631,2.000382000000002,39.26715364136312,2071,80,80.0,2071.0,2071.0,True
205,344238.0,344668.0,398.710543,2.010911999999962,8.112923923335762,430,80,81.0,430.0,430.0,False
206,344668.0,344748.0,400.712821,2.0022780000000466,0.993407908309058,80,80,80.0,80.0,80.0,False
207,344748.0,344828.0,402.7151,2.0022789999999873,0.9942921932195314,80,80,80.0,80.0,80.0,False
208,344828.0,344908.0,404.717377,2.0022769999999923,0.9941368738770235,80,80,80.0,80.0,80.0,False
209,344908.0,344988.0,406.719654,2.0022769999999923,0.9941368738770235,80,80,80.0,80.0,80.0,False
210,344988.0,345068.0,408.721931,2.0022769999999923,0.9948133986415963,80,80,80.0,80.0,80.0,False
211,345068.0,345149.0,410.724207,2.002275999999995,0.9894015989610033,81,80,80.0,81.0,81.0,False
212,345149.0,345229.0,412.726485,2.0022780000000466,0.9914824157100027,80,80,80.0,80.0,80.0,False
213,345229.0,345309.0,414.728761,2.002275999999995,0.9921597397633016,80,80,80.0,80.0,80.0,False
214,345309.0,345433.0,416.731039,2.00227799999999,1.5655394119310637,124,80,80.0,124.0,124.0,False
215,345433.0,345645.0,418.732725,2.0016860000000065,2.5970656780097974,212,80,79.0,212.0,212.0,False
216,345645.0,345866.0,420.734027,2.0013020000000097,2.6241328054132067,221,80,80.0,221.0,221.0,False
217,345866.0,346115.0,422.737867,2.0038399999999683,4.015373829127369,249,80,81.0,249.0,249.0,False
218,346115.0,346505.0,424.739236,2.001369000000011,5.338354731811762,390,80,79.0,390.0,390.0,False
219,346505.0,346928.0,426.742423,2.0031869999999685,7.126128149939579,423,80,81.0,423.0,423.0,False
220,346928.0,347573.0,428.744698,2.002275000000054,10.753225313895062,645,80,80.0,645.0,645.0,False
221,347573.0,348310.0,430.746976,2.00227799999999,12.47975186678135,737,80,80.0,738.0,737.0,False
222,348310.0,349179.0,432.747717,2.000741000000005,14.956184413522623,869,80,79.0,869.0,869.0,False
223,349179.0,350153.0,434.748922,2.0012049999999704,17.063295273475756,974,80,80.0,974.0,974.0,False
224,350153.0,351000.0,436.322501,1.5735789999999952,17.79554097231692,847,63,63.0,847.0,847.0,False
225,351000.0,352180.0,438.323268,2.000766999999996,20.133333910365387,1180,80,80.0,1182.0,1180.0,False
226,352180.0,353359.0,440.323518,2.000249999999994,21.563286653876048,1179,80,80.0,1180.0,1179.0,False
227,353359.0,354660.0,442.323684,2.0001660000000356,22.96101521489691,1301,80,80.0,1301.0,1301.0,False
228,354660.0,354743.0,444.337428,2.013743999999974,1.110699833834534,83,80,81.0,83.0,83.0,False
229,354743.0,354824.0,446.339706,2.00227799999999,0.9989241844036714,81,80,80.0,81.0,81.0,False
230,354824.0,354904.0,448.341982,2.002275999999995,0.9986647888253257,80,80,80.0,80.0,80.0,False
231,354904.0,354984.0,450.344263,2.002281000000039,0.9964250422283819,80,80,80.0,80.0,80.0,False
232,354984.0,355064.0,452.346537,2.002274,0.9960115322828138,80,80,80.0,80.0,80.0,False
233,355064.0,355144.0,454.348819,2.0022819999999797,0.9954358757911863,80,80,80.0,80.0,80.0,False
234,355144.0,355224.0,456.351089,2.00227000000001,0.9952325310106114,80,80,80.0,80.0,80.0,False
235,355224.0,355305.0,458.353368,2.0022789999999873,0.9950207576228739,81,80,80.0,81.0,81.0,False
236,355305.0,355385.0,460.355642,2.002274,0.9941380762816244,80,80,80.0,80.0,80.0,False
237,355385.0,355465.0,462.35792,2.00227799999999,0.9934079083090807,80,80,80.0,80.0,80.0,False
238,355465.0,355546.0,464.360195,2.0022749999999974,0.9940856350612037,81,80,80.0,81.0,81.0,False
239,355546.0,355626.0,466.362473,2.0022780000000466,0.9923671014987577,80,80,80.0,80.0,80.0,False
240,355626.0,355706.0,468.364749,2.002275999999995,0.99231586094079,80,80,80.0,80.0,80.0,False
241,355706.0,355786.0,470.367029,2.0022799999999847,0.9935632283021528,80,80,80.0,80.0,80.0,False
242,355786.0,355866.0,472.369303,2.002274,0.9938258336147596,80,80,80.0,80.0,80.0,False
243,355866.0,356006.0,474.37158,2.0022769999999923,1.7118255683555679,140,80,80.0,140.0,140.0,False
244,356006.0,356199.0,476.373855,2.0022749999999974,2.6014060004452584,193,80,80.0,193.0,193.0,False
245,356199.0,356403.0,478.376136,2.002280999999982,2.604000792457274,204,80,80.0,204.0,204.0,False
246,356403.0,356668.0,480.378409,2.0022730000000024,3.6509606158952295,265,80,80.0,265.0,265.0,False
247,356668.0,357000.0,482.380604,2.002195000000029,4.636676205923745,332,80,79.0,332.0,332.0,False
248,357000.0,357444.0,484.380737,2.0001330000000053,7.164066914912233,444,80,80.0,444.0,444.0,False
249,357444.0,357994.0,486.381477,2.0007400000000075,9.537440244744088,550,80,80.0,550.0,550.0,False
250,357994.0,358679.0,488.387516,2.006038999999987,11.363214340673318,685,80,81.0,685.0,685.0,False
251,358679.0,359493.0,490.389794,2.00227799999999,15.200733110948986,814,80,80.0,814.0,814.0,False
252,359493.0,360444.0,492.39019,2.0003960000000234,16.479165396794436,951,80,79.0,951.0,951.0,False
253,360444.0,361346.0,494.392667,2.002476999999999,17.693495338075486,902,80,80.0,902.0,902.0,False
254,361346.0,362488.0,496.39281,2.00014299999998,20.524335520169934,1142,80,80.0,1143.0,1142.0,False
255,362488.0,363694.0,498.393916,2.001105999999993,21.812155546733383,1206,80,80.0,1206.0,1206.0,False
256,363694.0,364000.0,498.936012,0.542096000000015,23.113891956159957,306,22,22.0,306.0,306.0,False
257,364000.0,365320.0,500.937567,2.001554999999996,23.898521100792394,1320,80,80.0,1323.0,1320.0,False
258,365320.0,366758.0,502.938842,2.001275000000021,26.42679909276887,1438,80,80.0,1438.0,1438.0,False
259,366758.0,368316.0,504.940899,2.0020569999999793,28.430579031877176,1558,80,80.0,1558.0,1558.0,False
260,368316.0,369866.0,506.940898,1.9999990000000025,29.678091225468417,1550,80,80.0,1550.0,1550.0,False
261,369866.0,371465.0,508.944448,2.0035500000000184,30.96096220653555,1599,80,80.0,1599.0,1599.0,False
262,371465.0,373201.0,510.945133,2.000684999999976,32.904602827225936,1736,80,80.0,1736.0,1736.0,False
263,373201.0,374978.0,512.945234,2.000101000000029,34.5021747881877,1777,80,80.0,1777.0,1777.0,True
264,374978.0,376975.0,514.945197,1.9999629999999797,36.39756467291077,1997,80,80.0,1997.0,1997.0,True
265,376975.0,377000.0,514.98397,0.03877299999999195,36.70556051971548,25,1,1.0,27.0,25.0,True
266,377000.0,379016.0,516.984064,2.00009399999999,37.260579317844666,2016,80,80.0,2017.0,2016.0,True
267,379016.0,380971.0,518.985033,2.0009690000000546,37.88483235686524,1955,80,80.0,1955.0,1955.0,True
268,380971.0,382985.0,520.985765,2.000731999999971,37.98866706314147,2014,80,80.0,2014.0,2014.0,True
269,382985.0,384995.0,522.986397,2.000631999999996,38.20206601563971,2010,80,80.0,2010.0,2010.0,True
270,384995.0,386966.0,524.988062,2.0016650000000027,38.10728068700453,1971,80,80.0,1973.0,1971.0,True
271,386966.0,389076.0,526.990237,2.0021749999999656,38.58693114943931,2110,80,80.0,2113.0,2110.0,True
272,389076.0,390000.0,527.815527,0.8252899999999954,38.73279969348891,924,33,33.0,924.0,924.0,True
273,390000.0,392122.0,529.816562,2.0010350000000017,38.778926558262135,2122,80,80.0,2124.0,2122.0,True
274,392122.0,394056.0,531.817074,2.0005120000000716,38.67583106852048,1934,80,80.0,1934.0,1934.0,True
275,394056.0,396065.0,533.819648,2.0025739999999814,38.651242283712214,2009,80,80.0,2010.0,2009.0,True
276,396065.0,397987.0,535.821615,2.0019669999999223,38.51066166708613,1922,80,80.0,1922.0,1922.0,True
277,397987.0,399991.0,537.821765,2.000150000000076,39.03366077647186,2004,80,80.0,2006.0,2004.0,True
278,399991.0,401991.0,539.823219,2.001453999999967,38.905323931305226,2000,80,80.0,2000.0,2000.0,True
279,401991.0,403000.0,540.856798,1.0335790000000316,38.701863065111944,1009,41,41.0,1009.0,1009.0,True
280,403000.0,405050.0,542.858694,2.001895999999988,38.86809660719665,2050,80,80.0,2055.0,2050.0,True
281,405050.0,407156.0,544.859373,2.000678999999991,38.589183471586374,2106,80,80.0,2106.0,2106.0,True
282,407156.0,409299.0,546.860063,2.000689999999963,38.81297551854945,2143,80,80.0,2144.0,2143.0,True
283,409299.0,411350.0,548.861129,2.001066000000037,38.97625391413934,2051,80,80.0,2051.0,2051.0,True
284,411350.0,413428.0,550.861859,2.000729999999976,38.86037793298334,2078,80,80.0,2078.0,2078.0,True
285,413428.0,415462.0,552.862943,2.0010839999999916,38.95939841035476,2034,80,80.0,2037.0,2034.0,True
286,415462.0,416000.0,553.436904,0.5739610000000539,38.94438747393782,538,23,23.0,540.0,538.0,True
287,416000.0,418031.0,555.437122,2.000218000000018,38.88376838499019,2031,79,79.0,2035.0,2031.0,True
288,418031.0,420012.0,557.437568,2.000446000000011,38.95290671811925,1981,80,80.0,1981.0,1981.0,True
289,420012.0,422145.0,559.437749,2.0001809999999978,38.92053379563027,2133,80,80.0,2135.0,2133.0,True
290,422145.0,424248.0,561.438007,2.000257999999917,38.818555731413845,2103,80,80.0,2103.0,2103.0,True
291,424248.0,426344.0,563.440227,2.0022200000000794,39.022230941034344,2096,80,80.0,2096.0,2096.0,True
292,426344.0,428448.0,565.441159,2.0009319999999207,38.81877165632758,2104,80,80.0,2105.0,2104.0,True
293,428448.0,429000.0,565.980327,0.5391680000000179,38.7657916485539,552,22,22.0,552.0,552.0,True
294,429000.0,431074.0,567.981048,2.0007209999999986,38.92700703064777,2074,80,80.0,2081.0,2074.0,True
295,431074.0,433178.0,569.982887,2.001839000000018,38.817822794007874,2104,80,80.0,2104.0,2104.0,True
296,433178.0,435252.0,571.983215,2.0003279999999677,38.99124028039999,2074,80,80.0,2074.0,2074.0,True
297,435252.0,437316.0,573.984085,2.000870000000077,38.91313426049329,2064,79,79.0,2065.0,2064.0,True
298,437316.0,439372.0,575.98522,2.0011349999999766,38.72565720355223,2056,80,80.0,2056.0,2056.0,True
299,439372.0,441364.0,577.986868,2.001647999999932,38.96289460985374,1992,80,80.0,1994.0,1992.0,True
300,441364.0,442000.0,578.624805,0.637937000000079,39.364764673505974,636,26,26.0,636.0,636.0,True
301,442000.0,444068.0,580.624986,2.0001809999999978,39.20142949575311,2068,80,80.0,2068.0,2068.0,True
302,444068.0,446090.0,582.625403,2.0004169999999704,39.26678249463757,2022,80,80.0,2023.0,2022.0,True
303,446090.0,448184.0,584.62645,2.0010469999999714,39.26020821842658,2094,80,80.0,2094.0,2094.0,True
304,448184.0,450300.0,586.627114,2.000664000000029,39.28945778060396,2116,80,80.0,2116.0,2116.0,True
305,450300.0,452365.0,588.627462,2.000348000000031,39.1666058698049,2065,80,80.0,2065.0,2065.0,True
306,452365.0,454472.0,590.628773,2.001310999999987,39.35954997280281,2107,79,80.0,2108.0,2107.0,True
307,454472.0,455000.0,591.151094,0.5223209999999199,39.20082481228823,528,21,20.0,528.0,528.0,True
308,455000.0,456985.0,593.153235,2.0021410000000515,39.01168892474602,1985,80,80.0,1989.0,1985.0,True
309,456985.0,458979.0,595.153235,2.0,39.20105241221215,1994,80,80.0,1995.0,1994.0,True
310,458979.0,461078.0,597.155627,2.002391999999986,39.27736515321929,2099,80,80.0,2101.0,2099.0,True
311,461078.0,463175.0,599.157018,2.0013910000000124,39.002547482992455,2097,79,80.0,2098.0,2097.0,True
312,463175.0,465266.0,601.157749,2.0007309999999734,39.14784340181171,2091,80,80.0,2091.0,2091.0,True
313,465266.0,467349.0,603.157735,1.9999860000000353,39.24977846075446,2083,80,80.0,2086.0,2084.0,True
314,467349.0,468000.0,603.745868,0.5881329999999707,39.39320873657132,651,24,24.0,650.0,650.0,True
315,468000.0,470069.0,605.745963,2.0000949999999875,39.140433978547456,2069,79,80.0,2072.0,2069.0,True
316,470069.0,472068.0,607.746906,2.0009430000000066,39.335404288262765,1999,80,79.0,1999.0,1999.0,True
317,472068.0,474125.0,609.74952,2.002613999999994,39.143317497202055,2057,80,80.0,2058.0,2057.0,True
318,474125.0,476314.0,611.750061,2.0005409999999983,39.12966732136347,2189,80,80.0,2189.0,2189.0,True
319,476314.0,478312.0,613.751627,2.0015660000000253,39.28355169455877,1998,80,80.0,1998.0,1998.0,True
320,478312.0,480306.0,615.752179,2.0005519999999706,38.987468859866475,1994,80,80.0,1996.0,1994.0,True
321,480306.0,481000.0,616.417921,0.6657420000000229,39.08457910427663,694,27,27.0,695.0,694.0,True
322,481000.0,483030.0,618.419792,2.001871000000051,39.232727853374556,2030,80,80.0,2033.0,2030.0,True
323,483030.0,485136.0,620.423275,2.00348299999996,39.4578240159301,2106,80,80.0,2106.0,2106.0,True
324,485136.0,487203.0,622.423694,2.0004189999999653,39.21132104886197,2067,80,80.0,2067.0,2067.0,True
325,487203.0,489242.0,624.426139,2.0024450000000797,39.18667261694014,2039,80,80.0,2039.0,2039.0,True
326,489242.0,491277.0,626.427669,2.0015300000000025,39.346882737238005,2035,80,80.0,2035.0,2035.0,True
327,491277.0,493306.0,628.428119,2.0004500000000007,39.19514209907125,2029,80,80.0,2032.0,2029.0,True
328,493306.0,494000.0,629.124088,0.695968999999991,39.247861745679586,694,28,28.0,694.0,694.0,True
329,494000.0,496080.0,631.124821,2.0007329999999683,39.36883421623766,2080,79,80.0,2082.0,2080.0,True
330,496080.0,498120.0,633.125327,2.000505999999973,39.345934325860014,2040,80,79.0,2040.0,2040.0,True
331,498120.0,500196.0,635.1263,2.0009730000000445,39.09480705902617,2076,80,80.0,2077.0,2076.0,True
332,500196.0,502274.0,637.126611,2.0003110000000106,39.14899058188616,2078,80,80.0,2078.0,2078.0,True
333,502274.0,504403.0,639.128618,2.002006999999935,39.23330265748553,2129,80,80.0,2129.0,2129.0,True
334,504403.0,506458.0,641.12887,2.000252000000046,39.142950838459164,2055,80,80.0,2055.0,2055.0,True
335,506458.0,507000.0,641.625972,0.4971020000000408,39.00132951727838,542,20,20.0,542.0,542.0,True
336,507000.0,509050.0,643.627976,2.0020039999999426,39.074147972358425,2050,80,80.0,2051.0,2050.0,True
337,509050.0,511118.0,645.628189,2.0002130000000307,39.106619333172134,2068,80,80.0,2068.0,2068.0,True
338,511118.0,513194.0,647.628504,2.0003150000000005,39.379573443190814,2076,80,80.0,2076.0,2076.0,True
339,513194.0,515157.0,649.628816,2.000312000000008,39.22544141090425,1963,80,80.0,1963.0,1963.0,True
340,515157.0,517126.0,651.628993,2.000177000000008,39.122427292307535,1969,80,80.0,1969.0,1969.0,True
341,517126.0,519241.0,653.629037,2.0000440000000026,39.12829833738235,2115,80,80.0,2115.0,2115.0,True
342,519241.0,520000.0,654.335509,0.7064719999999625,39.04524216797645,759,28,28.0,759.0,759.0,True
343,520000.0,522039.0,656.336371,2.0008619999999837,39.30917972009613,2039,80,80.0,2042.0,2039.0,True
344,522039.0,524157.0,658.33707,2.000699000000054,39.25169184218192,2118,80,80.0,2119.0,2118.0,True
345,524157.0,526309.0,660.338062,2.0009919999999966,39.29768164822494,2152,80,80.0,2153.0,2152.0,True
346,526309.0,528390.0,662.338664,2.000601999999958,39.07717739021697,2081,80,80.0,2082.0,2081.0,True
347,528390.0,530384.0,664.339172,2.000507999999968,39.29271498289471,1994,80,80.0,1994.0,1994.0,True
348,530384.0,532456.0,666.339178,2.000005999999985,39.29393291709703,2072,79,79.0,2073.0,2072.0,True
349,532456.0,533000.0,666.893518,0.5543400000000247,39.20402121053571,544,23,23.0,544.0,544.0,True
350,533000.0,534986.0,668.8942,2.0006819999999834,39.18843179519059,1986,80,80.0,1987.0,1986.0,True
351,534986.0,537117.0,670.89493,2.0007300000000896,39.12249961815758,2131,79,79.0,2131.0,2131.0,True
352,537117.0,539271.0,672.895322,2.00039199999992,39.14736102825388,2154,80,80.0,2156.0,2154.0,True
353,539271.0,541321.0,674.895349,2.0000270000000455,39.296491986312176,2050,80,80.0,2052.0,2050.0,True
354,541321.0,542585.0,674.895349,0.0,39.296491986312176,1264,49,0.0,0.0,0.0,True
