raw_bank,event,clock_slot12_ch31,EDTM_slot12_ch14,L1_slot10_ch16,TRIG4_slot11_ch13,unassigned_slot7_ch31,unassigned_slot9_ch31
1,1,18758944,750,1,10017,750,750
2,975,20761140,830,975,11018,830,830
3,2046,22764929,910,2046,12089,910,910
4,3139,24765256,990,3139,13182,990,990
5,4223,26768509,1070,4223,14266,1070,1070
6,5322,28769071,1150,5322,15365,1150,1150
7,6361,30770387,1230,6361,16404,1230,1230
8,7407,32771553,1310,7407,17450,1310,1310
9,8422,34771796,1390,8422,18465,1390,1390
10,9501,36775439,1470,9501,19544,1470,1470
11,10566,38778757,1550,10566,20609,1550,1550
12,11624,40782947,1630,11624,21667,1630,1630
13,12654,42783841,1710,12654,22697,1710,1710
14,13000,43465625,1737,13000,23043,1737,1737
15,14114,45465787,1817,14114,24157,1817,1817
16,15164,47467005,1897,15164,25207,1897,1897
17,16204,49469541,1977,16204,26247,1977,1977
18,17247,51470674,2057,17247,27291,2057,2057
19,18372,53474289,2137,18372,28416,2137,2137
20,19444,55475216,2217,19444,29488,2217,2217
21,20511,57479171,2297,20511,30555,2297,2297
22,21544,59479796,2377,21544,31588,2377,2377
23,22616,61482117,2457,22616,32660,2457,2457
24,23679,63482629,2537,23679,33723,2537,2537
25,24733,65482633,2617,24734,34779,2617,2617
26,25787,67490127,2697,25787,35833,2697,2697
27,26000,67843330,2711,26000,36046,2711,2711
28,27042,69844588,2791,27042,37090,2791,2791
29,28120,71845074,2871,28120,38168,2871,2871
30,29207,73845535,2951,29207,39255,2951,2951
31,30322,75847801,3031,30322,40370,3031,3031
32,31401,77851761,3111,31401,41449,3111,3111
33,32463,79856557,3191,32463,42511,3191,3191
34,33563,81856829,3271,33563,43611,3271,3271
35,34662,83858488,3351,34662,44710,3351,3351
36,35756,85861033,3431,35756,45804,3431,3431
37,36863,87862026,3511,36863,46911,3511,3511
38,37946,89867766,3591,37946,47994,3591,3591
39,39000,91851132,3670,39000,49048,3670,3670
40,40037,93852834,3750,40037,50088,3750,3750
41,41113,95855661,3830,41113,51164,3830,3830
42,42175,97859782,3910,42175,52227,3910,3910
43,43225,99860518,3990,43225,53277,3990,3990
44,44239,101860504,4070,44239,54291,4070,4070
45,45278,103861384,4150,45278,55330,4150,4150
46,46371,105862503,4230,46371,56423,4230,4230
47,47419,107863363,4310,47419,57472,4310,4310
48,48455,109864202,4390,48455,58508,4390,4390
49,49066,111879386,4471,49066,59119,4471,4471
50,49146,113881664,4551,49146,59199,4551,4551
51,49226,115883939,4631,49226,59279,4631,4631
52,49306,117886218,4711,49306,59359,4711,4711
53,49386,119888495,4791,49386,59439,4791,4791
54,49466,121890770,4871,49466,59519,4871,4871
55,49546,123893047,4951,49546,59599,4951,4951
56,49626,125895325,5031,49626,59679,5031,5031
57,49706,127897602,5111,49706,59759,5111,5111
58,49786,129899879,5191,49786,59839,5191,5191
59,49866,131902156,5271,49866,59919,5271,5271
60,49946,133904433,5351,49946,59999,5351,5351
61,50026,135906709,5431,50026,60079,5431,5431
62,50106,137908986,5511,50106,60159,5511,5511
63,50186,139911264,5591,50186,60239,5591,5591
64,50266,141913540,5671,50266,60319,5671,5671
65,50389,143915817,5751,50389,60442,5751,5751
66,50611,145918093,5831,50611,60664,5831,5831
67,50829,147920371,5911,50829,60882,5911,5911
68,51093,149922648,5991,51093,61146,5991,5991
69,51421,151924925,6071,51421,61474,6071,6071
70,51878,153927202,6151,51878,61931,6151,6151
71,52000,154540618,6175,52000,62053,6175,6175
72,52606,156542512,6255,52606,62659,6255,6255
73,53297,158552393,6335,53297,63350,6335,6335
74,54141,160553403,6415,54141,64194,6415,6415
75,55111,162554913,6495,55111,65164,6495,6495
76,56120,164557055,6575,56120,66173,6575,6575
77,57205,166560033,6655,57205,67258,6655,6655
78,58238,168562079,6735,58238,68291,6735,6735
79,59289,170562295,6815,59289,69342,6815,6815
80,60342,172562550,6895,60342,70395,6895,6895
81,61439,174563790,6975,61439,71492,6975,6975
82,62463,176564309,7055,62464,72517,7055,7055
83,63532,178565055,7135,63532,73585,7135,7135
84,64610,180568410,7215,64610,74663,7215,7215
85,65000,181293371,7244,65000,75054,7244,7244
86,66069,183294008,7324,66069,76124,7324,7324
87,67149,185294356,7404,67149,77204,7404,7404
88,68253,187295348,7484,68253,78308,7484,7484
89,69351,189296866,7564,69351,79406,7564,7564
90,70450,191304435,7644,70450,80505,7644,7644
91,71463,193304493,7724,71463,81518,7724,7724
92,72543,195305862,7804,72543,82598,7804,7804
93,73621,197306320,7884,73621,83677,7884,7884
94,74666,199306466,7964,74666,84722,7964,7964
95,75727,201307656,8044,75727,85783,8044,8044
96,76827,203308357,8124,76827,86884,8124,8124
97,77878,205309950,8203,77878,87935,8203,8203
98,78000,205571100,8214,78000,88057,8214,8214
99,79104,207571136,8294,79104,89162,8294,8294
100,80190,209572032,8374,80190,90248,8374,8374
101,81255,211572202,8454,81255,91314,8454,8454
102,82344,213574539,8534,82344,92403,8534,8534
103,83458,215577875,8614,83458,93517,8614,8614
104,84543,217578655,8694,84543,94602,8694,8694
105,85593,219587712,8774,85593,95652,8774,8774
106,86706,221587748,8854,86706,96765,8854,8854
107,87777,223588806,8934,87777,97836,8934,8934
108,88827,225589141,9014,88827,98886,9014,9014
109,89912,227590650,9094,89912,99971,9094,9094
110,90925,229595133,9174,90925,100984,9174,9174
111,91000,229749032,9180,91000,101059,9180,9180
112,92089,231749011,9260,92089,102149,9260,9260
113,93104,233749541,9340,93104,103164,9340,9340
114,94247,235751647,9420,94247,104307,9420,9420
115,95269,237754606,9500,95269,105330,9500,9500
116,96312,239756058,9580,96312,106373,9580,9580
117,97452,241757280,9660,97452,107513,9660,9660
118,98559,243757987,9740,98559,108620,9740,9740
119,99624,245760122,9820,99624,109686,9820,9820
120,100675,247760095,9900,100675,110737,9900,9900
121,101767,249761186,9980,101767,111829,9980,9980
122,102916,251762074,10059,102916,112978,10059,10059
123,103949,253763441,10139,103949,114011,10139,10139
124,104000,253852266,10143,104000,114062,10143,10143
125,105080,255853479,10223,105080,115146,10223,10223
126,106127,255858960,10223,105082,115148,10303,10303
127,107200,257858003,10303,106154,116220,10383,10383
128,108215,259865393,10383,107169,117235,10463,10463
129,109336,261868184,10463,108290,118356,10543,10543
130,110461,263870094,10543,109415,119481,10623,10623
131,111545,265870601,10623,110499,120565,10703,10703
132,112622,267870645,10703,111576,121642,10783,10783
133,113715,269871680,10783,112669,122735,10863,10863
134,114771,271871862,10863,113725,123792,10943,10943
135,115833,273874812,10943,114787,124854,11023,11023
136,116970,275874963,11023,115924,125991,11103,11103
137,117000,275941767,11025,115954,126022,11105,11105
138,118054,277942264,11105,117008,127078,11185,11185
139,119152,279944928,11185,118106,128177,11265,11265
140,120258,281945411,11265,119212,129283,11345,11345
141,121303,283948062,11345,120257,130328,11425,11425
142,122422,285948469,11425,121376,131448,11505,11505
143,123513,287950596,11505,122467,132540,11585,11585
144,124594,289951330,11585,123548,133621,11665,11665
145,125604,291956357,11665,124558,134631,11745,11745
146,126696,293956629,11745,125650,135723,11825,11825
147,127778,295956602,11825,126732,136805,11905,11905
148,128800,297958079,11905,127754,137827,11985,11985
149,129817,299961113,11985,128771,138844,12065,12065
150,130000,300269317,11997,128954,139027,12077,12077
151,131067,302270170,12077,130021,140095,12157,12157
152,132129,304271611,12157,131083,141157,12237,12237
153,133173,306272655,12237,132127,142202,12317,12317
154,134151,308275450,12317,133105,143180,12397,12397
155,135190,310277162,12397,134144,144219,12477,12477
156,136244,312278468,12477,135198,145273,12557,12557
157,137322,314278938,12557,136276,146351,12637,12637
158,138386,316280029,12637,137340,147415,12717,12717
159,139467,318281094,12717,138421,148496,12797,12797
160,140513,320281580,12797,139467,149542,12877,12877
161,141638,322281894,12877,140592,150667,12957,12957
162,142685,324282382,12957,141639,151714,13037,13037
163,143000,324871787,12980,141954,152029,13060,13060
164,144052,326873361,13060,143006,153083,13140,13140
165,145101,328878011,13141,144055,154133,13221,13221
166,146185,330880286,13221,145139,155217,13301,13301
167,146988,332882563,13301,145942,156020,13381,13381
168,147068,334884840,13381,146022,156100,13461,13461
169,147148,336887122,13461,146102,156180,13541,13541
170,147229,338889395,13541,146183,156261,13621,13621
171,147309,340891671,13621,146263,156341,13701,13701
172,147390,342893949,13701,146344,156422,13781,13781
173,147470,344896227,13781,146424,156502,13861,13861
174,147550,346898504,13861,146504,156582,13941,13941
175,147632,348900779,13941,146586,156664,14021,14021
176,147712,350903057,14021,146666,156744,14101,14101
177,147792,352905334,14101,146746,156824,14181,14181
178,147872,354907610,14181,146826,156904,14261,14261
179,147952,356909887,14261,146906,156984,14341,14341
180,148032,358912165,14341,146986,157064,14421,14421
181,148112,360914442,14421,147066,157144,14501,14501
182,148193,362916718,14501,147147,157225,14581,14581
183,148273,364918994,14581,147227,157305,14661,14661
184,148353,366921271,14661,147307,157385,14741,14741
185,148433,368923550,14741,147387,157465,14821,14821
186,148513,370925825,14821,147467,157545,14901,14901
187,148593,372928103,14901,147547,157625,14981,14981
188,148674,374930379,14981,147628,157706,15061,15061
189,148755,376932657,15061,147709,157787,15141,15141
190,148835,378934932,15141,147789,157867,15221,15221
191,148915,380937209,15221,147869,157947,15301,15301
192,148996,382939486,15301,147950,158028,15381,15381
193,149076,384941764,15381,148030,158108,15461,15461
194,149156,386944040,15461,148110,158188,15541,15541
195,149237,388946317,15541,148191,158269,15621,15621
196,149317,390948596,15621,148271,158349,15701,15701
197,149397,392950874,15701,148351,158429,15781,15781
198,149478,394953147,15781,148432,158510,15861,15861
199,149558,396955425,15861,148512,158590,15941,15941
200,149638,398957702,15941,148592,158670,16021,16021
201,149718,400959979,16021,148672,158750,16101,16101
202,149798,402962256,16101,148752,158830,16181,16181
203,149878,404964533,16181,148832,158910,16261,16261
204,149958,406966810,16261,148912,158990,16341,16341
205,150038,408969087,16341,148992,159070,16421,16421
206,150118,410971364,16421,149072,159150,16501,16501
207,150198,412973641,16501,149152,159230,16581,16581
208,150278,414975919,16581,149232,159310,16661,16661
209,150358,416978195,16661,149312,159390,16741,16741
210,150438,418980472,16741,149392,159470,16821,16821
211,150518,420982749,16821,149472,159550,16901,16901
212,150598,422985027,16901,149552,159630,16981,16981
213,150678,424987303,16981,149632,159710,17061,17061
214,150759,426989578,17061,149713,159791,17141,17141
215,150839,428991857,17141,149793,159871,17221,17221
216,150919,430994136,17221,149873,159951,17301,17301
217,151105,432996409,17301,150059,160137,17381,17381
218,151323,434998686,17381,150277,160355,17461,17461
219,151576,437000964,17461,150530,160608,17541,17541
220,151875,439002614,17540,150829,160907,17620,17620
221,152294,441005517,17621,151248,161327,17701,17701
222,152783,443007796,17701,151737,161816,17781,17781
223,153416,445009966,17780,152370,162449,17860,17860
224,154205,447012349,17861,153159,163239,17941,17941
225,155048,449014625,17941,154002,164083,18021,18021
226,156000,450967880,18019,154954,165035,18099,18099
227,157050,452969122,18099,156004,166087,18179,18179
228,158134,454970866,18178,157088,167171,18258,18258
229,159170,456973676,18259,158124,168207,18339,18339
230,160240,458975232,18338,159194,169278,18418,18418
231,161346,460978025,18418,160300,170384,18498,18498
232,162382,462978885,18498,161336,171420,18578,18578
233,163483,464978920,18578,162438,172522,18658,18658
234,164508,466981582,18658,163462,173546,18738,18738
235,165605,468982793,18738,164559,174643,18818,18818
236,166678,470983369,18818,165632,175716,18898,18898
237,167731,472985199,18898,166685,176769,18978,18978
238,168809,474989851,18978,167763,177847,19058,19058
239,169000,475297497,18991,167954,178038,19071,19071
240,170121,477300070,19071,169075,179160,19151,19151
241,171205,479300374,19151,170159,180244,19231,19231
242,172272,481301341,19231,171226,181311,19311,19311
243,173353,483301822,19310,172307,182392,19390,19390
244,174440,485303000,19390,173394,183479,19470,19470
245,175543,487303170,19470,174497,184582,19550,19550
246,176628,489303794,19550,175582,185667,19630,19630
247,177678,491304400,19630,176632,186717,19710,19710
248,178781,493305554,19710,177735,187820,19790,19790
249,179947,495307548,19790,178901,188987,19870,19870
250,181051,497308645,19870,180005,190091,19950,19950
251,182000,499052356,19940,180954,191041,20020,20020
252,182996,501053311,20020,181950,192038,20100,20100
253,184074,503054005,20100,183029,193118,20180,20180
254,185214,505054054,20180,184168,194257,20260,20260
255,186269,507055633,20260,185223,195312,20340,20340
256,187374,509056406,20339,186328,196417,20419,20419
257,188466,511056879,20419,187420,197510,20499,20499
258,189511,513058940,20499,188465,198555,20579,20579
259,190593,515059030,20579,189547,199637,20659,20659
260,191748,517059714,20659,190702,200792,20739,20739
261,192801,519059796,20739,191755,201846,20819,20819
262,193867,521059919,20819,192821,202912,20899,20899
263,194857,523060893,20899,193811,203902,20979,20979
264,195000,523330433,20910,193954,204045,20990,20990
265,196125,525333447,20990,195079,205170,21070,21070
266,197265,527333909,21070,196219,206310,21150,21150
267,198325,529334496,21150,197279,207370,21230,21230
268,199416,531337211,21230,198370,208461,21310,21310
269,200463,533338036,21310,199417,209508,21390,21390
270,201534,535338079,21390,200488,210579,21470,21470
271,202592,537340072,21470,201546,211637,21550,21550
272,203701,539342350,21550,202655,212746,21630,21630
273,204811,541342831,21629,203765,213856,21709,21709
274,205932,543343375,21709,204886,214978,21789,21789
275,207031,545344134,21789,205985,216077,21869,21869
276,208000,547196135,21863,206954,217046,21943,21943
277,209056,549196296,21943,208010,218103,22023,22023
278,210112,551196429,22023,209066,219159,22103,22103
279,211322,553196616,22103,210276,220369,22183,22183
280,212398,555199191,22183,211352,221445,22263,22263
281,213469,557199972,22263,212423,222516,22343,22343
282,214484,559200823,22343,213438,223532,22423,22423
283,215565,561204263,22423,214519,224613,22503,22503
284,216658,563204813,22503,215612,225706,22583,22583
285,217674,565206112,22583,216628,226723,22663,22663
286,218704,567207108,22663,217658,227753,22743,22743
287,219798,569207887,22743,218752,228847,22823,22823
288,220862,571208047,22823,219816,229913,22903,22903
289,221000,571463622,22833,219954,230052,22913,22913
290,222076,573465995,22913,221030,231128,22993,22993
291,223101,575468434,22993,222055,232153,23073,23073
292,224194,577470843,23073,223148,233250,23153,23153
293,225222,579472646,23153,224176,234279,23233,23233
294,226245,581477749,23233,225199,235302,23313,23313
295,227381,583478434,23313,226335,236438,23393,23393
296,228445,585480723,23393,227399,237502,23473,23473
297,229543,587484936,23473,228497,238600,23553,23553
298,230661,589485277,23553,229615,239719,23633,23633
299,231776,591492612,23633,230730,240833,23713,23713
300,232857,593496138,23713,231811,241915,23793,23793
301,233955,595496201,23793,232909,243013,23873,23873
302,234000,595575880,23796,232954,243058,23876,23876
303,235122,597577003,23876,234076,244182,23956,23956
304,236159,599578391,23956,235113,245219,24036,24036
305,237225,601582921,24036,236179,246285,24116,24116
306,238330,603585665,24116,237284,247390,24196,24196
307,239371,605587131,24196,238325,248431,24276,24276
308,240493,607588457,24276,239447,249553,24356,24356
309,241516,609589805,24356,240470,250576,24436,24436
310,242648,611590810,24436,241602,251708,24516,24516
311,243824,613591894,24516,242778,252884,24596,24596
312,244919,615592972,24596,243873,253979,24676,24676
313,246049,617597737,24676,245003,255109,24756,24756
314,247000,619317594,24745,245954,256061,24825,24825
315,248056,621322438,24825,247010,257123,24905,24905
316,249115,623329514,24905,248069,258183,24985,24985
317,250156,625331946,24985,249110,259224,25065,25065
318,251279,627339419,25065,250233,260348,25145,25145
319,252440,629339844,25145,251394,261510,25225,25225
320,253449,631342354,25225,252403,262519,25305,25305
321,254524,633342319,25305,253478,263595,25385,25385
322,255665,635344467,25385,254619,264736,25465,25465
323,256709,637346751,25465,255663,265780,25545,25545
324,257782,639346953,25545,256736,266853,25625,25625
325,258833,641347635,25625,257787,267904,25705,25705
326,259963,643348158,25705,258917,269034,25785,25785
327,260000,643421907,25708,258954,269071,25788,25788
328,261017,645427880,25788,259971,270091,25868,25868
329,262075,647428459,25868,261029,271149,25948,25948
330,263183,649428884,25948,262137,272257,26028,26028
331,264323,651435324,26028,263277,273397,26108,26108
332,265416,653435969,26108,264370,274490,26188,26188
333,266473,655436795,26188,265427,275547,26268,26268
334,267558,657440473,26268,266512,276632,26348,26348
335,268632,659441095,26348,267586,277706,26428,26428
336,269723,661441104,26428,268677,278797,26508,26508
337,270838,663447318,26508,269792,279912,26588,26588
338,271897,665449176,26588,270851,280971,26668,26668
339,272950,667451693,26668,271904,282024,26748,26748
340,273000,667539303,26672,271954,282074,26752,26752
341,273996,669540406,26752,272950,283071,26832,26832
342,275027,671541105,26831,273981,284102,26911,26911
343,276134,673542173,26911,275088,285209,26991,26991
344,277232,675547237,26992,276186,286308,27072,27072
345,278297,677549516,27072,277251,287373,27152,27152
346,279383,679550455,27151,278337,288459,27231,27231
347,280483,681550659,27231,279437,289559,27311,27311
348,281556,683552418,27311,280511,290633,27391,27391
349,282637,685555858,27391,281591,291713,27471,27471
350,283744,687556229,27471,282698,292821,27551,27551
351,284892,689557444,27551,283846,293969,27631,27631
352,286000,691461108,27627,284954,295077,27707,27707
353,287086,693462979,27707,286040,296165,27787,27787
354,288119,695463502,27787,287073,297198,27867,27867
355,289172,697463530,27867,288126,298251,27947,27947
356,290185,699465630,27947,289139,299266,28027,28027
357,291241,701466939,28027,290195,300322,28107,28107
358,292278,703476862,28107,291232,301359,28187,28187
359,293357,705481277,28188,292311,302438,28268,28268
360,294434,707483007,28267,293388,303515,28347,28347
361,295469,709485831,28348,294423,304550,28428,28428
362,296519,711488081,28428,295474,305601,28508,28508
363,297563,713489540,28507,296517,306644,28587,28587
364,298705,715491452,28587,297659,307786,28667,28667
365,299000,716029118,28609,297954,308081,28689,28689
366,300120,718030379,28689,299074,309201,28769,28769
367,301205,720033000,28769,300159,310287,28849,28849
368,302271,722034344,28849,301225,311353,28929,28929
369,303346,724039315,28929,302300,312428,29009,29009
370,304346,726039667,29009,303300,313428,29089,29089
371,305380,728042510,29089,304334,314462,29169,29169
372,306395,730045496,29169,305349,315478,29249,29249
373,307473,732047168,29249,306427,316556,29329,29329
374,308517,734050595,29329,307471,317600,29409,29409
375,309539,736052397,29409,308493,318623,29489,29489
376,310561,738056924,29489,309515,319647,29569,29569
377,311650,740060950,29569,310604,320736,29649,29649
378,312000,740735812,29596,310954,321086,29676,29676
379,313071,742736869,29676,312025,322157,29756,29756
380,314136,744738545,29756,313090,323223,29836,29836
381,315257,746741642,29836,314211,324344,29916,29916
382,316280,748741993,29916,315234,325367,29996,29996
383,317372,750742616,29996,316326,326459,30076,30076
384,318397,752743830,30076,317351,327484,30156,30156
385,319461,754745373,30156,318415,328548,30236,30236
386,320606,756745493,30236,319560,329693,30316,30316
387,321657,758746883,30316,320611,330744,30396,30396
388,322683,760749757,30396,321637,331771,30476,30476
389,323734,762750721,30476,322688,332822,30556,30556
390,324784,764751983,30556,323738,333874,30636,30636
391,325000,765135183,30571,323954,334090,30651,30651
392,326106,767135911,30651,325060,335196,30731,30731
393,327177,769138808,30731,326131,336267,30811,30811
394,328265,771139792,30811,327219,337355,30891,30891
395,329339,773141045,30891,328293,338429,30971,30971
396,330381,775146584,30971,329335,339472,31051,31051
397,331445,777147857,31051,330399,340536,31131,31131
398,332492,779147896,31131,331446,341583,31211,31211
399,333636,781152114,31211,332590,342727,31291,31291
400,334659,783157823,31291,333613,343751,31371,31371
401,335741,785159546,31371,334695,344833,31451,31451
402,336795,787161058,31451,335749,345887,31531,31531
403,337839,789161295,31531,336793,346931,31611,31611
404,338000,789444891,31542,336954,347092,31622,31622
405,339002,791444853,31622,337956,348095,31702,31702
406,340087,793445772,31702,339041,349180,31782,31782
407,341163,795447542,31782,340117,350256,31862,31862
408,342197,797448734,31862,341151,351291,31942,31942
409,343285,799449283,31942,342239,352379,32022,32022
410,344348,801450879,32022,343302,353443,32102,32102
411,345414,803453524,32102,344368,354509,32182,32182
412,346413,805453533,32182,345367,355508,32262,32262
413,347457,807454911,32262,346411,356552,32342,32342
414,348573,809457125,32342,347528,357670,32422,32422
415,349606,811457401,32422,348560,358702,32502,32502
416,350674,813461933,32502,349628,359770,32582,32582
417,351000,814143182,32529,349954,360096,32609,32609
418,352066,816147024,32609,351020,361163,32689,32689
419,353151,818148606,32689,352105,362248,32769,32769
420,354208,820151390,32769,353162,363305,32849,32849
421,355270,822153430,32849,354224,364367,32929,32929
422,356320,824155296,32929,355274,365417,33009,33009
423,357349,826158178,33009,356303,366446,33089,33089
424,358467,828160371,33089,357421,367565,33169,33169
425,359573,830160450,33169,358527,368671,33249,33249
426,360620,832166383,33249,359574,369718,33329,33329
427,361685,834166919,33329,360639,370783,33409,33409
428,362735,836167208,33409,361689,371833,33489,33489
429,363827,838169880,33489,362781,372925,33569,33569
430,364000,838537241,33504,362954,373098,33584,33584
431,365053,840538137,33584,364007,374153,33664,33664
432,366147,842538487,33664,365101,375247,33744,33744
433,367165,844539280,33743,366119,376265,33823,33823
434,368207,846539766,33823,367161,377307,33903,33903
435,369345,848540154,33903,368299,378445,33983,33983
436,370429,850540853,33983,369383,379530,34063,34063
437,371448,852542293,34063,370402,380549,34143,34143
438,372498,854542426,34143,371452,381599,34223,34223
439,373542,856542754,34223,372496,382643,34303,34303
440,374716,858545263,34303,373670,383817,34383,34383
441,375838,860545354,34383,374792,384939,34463,34463
442,376944,862548385,34463,375898,386045,34543,34543
443,377000,862630265,34466,375954,386101,34546,34546
444,378109,864633090,34546,377063,387211,34626,34626
445,379263,866635325,34626,378217,388365,34706,34706
446,380415,868640309,34706,379369,389517,34786,34786
447,381502,870643725,34786,380456,390604,34866,34866
448,382583,872644728,34866,381537,391686,34946,34946
449,383682,874648028,34946,382636,392786,35026,35026
450,384788,876648896,35026,383742,393892,35106,35106
451,385888,878650993,35106,384842,394992,35186,35186
452,386926,880654519,35186,385880,396031,35266,35266
453,387995,882655689,35266,386949,397100,35346,35346
454,389082,884657329,35346,388036,398187,35426,35426
455,390000,886379156,35415,388954,399105,35495,35495
456,391052,888380495,35495,390006,400160,35575,35575
457,392111,890381091,35575,391065,401219,35655,35655
458,393182,892384096,35655,392136,402290,35735,35735
459,394260,894384089,35735,393214,403368,35815,35815
460,395331,896388104,35815,394285,404439,35895,35895
461,396361,898390409,35895,395315,405469,35975,35975
462,397421,900394715,35975,396375,406529,36055,36055
463,398485,902395941,36055,397439,407593,36135,36135
464,399556,904396376,36135,398510,408664,36215,36215
465,400649,906401723,36215,399603,409757,36295,36295
466,401737,908401806,36295,400691,410845,36375,36375
467,402805,910406850,36375,401759,411913,36455,36455
468,403000,910746473,36389,401954,412108,36469,36469
469,404081,912746774,36469,403035,413194,36549,36549
470,405167,914747921,36549,404121,414280,36629,36629
471,406226,916750043,36629,405180,415340,36709,36709
472,407302,918753153,36709,406256,416416,36789,36789
473,408408,920753327,36789,407362,417522,36869,36869
474,409467,922753361,36869,408421,418581,36949,36949
475,410532,924755635,36949,409486,419646,37029,37029
476,411675,926757354,37028,410629,420789,37108,37108
477,412728,928757894,37108,411682,421842,37188,37188
478,413800,930759000,37188,412754,422914,37268,37268
479,414411,932764744,37269,413365,423525,37349,37349
480,414491,934767021,37349,413445,423605,37429,37429
481,414572,936769298,37429,413526,423686,37509,37509
482,414652,938771575,37509,413606,423766,37589,37589
483,414732,940773851,37589,413686,423846,37669,37669
484,414812,942776127,37669,413766,423926,37749,37749
485,414892,944778407,37749,413846,424006,37829,37829
486,414972,946780683,37829,413926,424086,37909,37909
487,415053,948782960,37909,414007,424167,37989,37989
488,415133,950785236,37989,414087,424247,38069,38069
489,415213,952787514,38069,414167,424327,38149,38149
490,415293,954789790,38149,414247,424407,38229,38229
491,415373,956792067,38229,414327,424487,38309,38309
492,415454,958794344,38309,414408,424568,38389,38389
493,415535,960796621,38389,414489,424649,38469,38469
494,415616,962798896,38469,414570,424730,38549,38549
495,415696,964801176,38549,414650,424810,38629,38629
496,415776,966803451,38629,414730,424890,38709,38709
497,415856,968805728,38709,414810,424970,38789,38789
498,415936,970808005,38789,414890,425050,38869,38869
499,416000,972359780,38851,414954,425114,38931,38931
500,416080,974362047,38931,415034,425194,39011,39011
501,416160,976364325,39011,415114,425274,39091,39091
502,416240,978366600,39091,415194,425354,39171,39171
503,416320,980368878,39171,415274,425434,39251,39251
504,416400,982371156,39251,415354,425514,39331,39331
505,416480,984373432,39331,415434,425594,39411,39411
506,416562,986375709,39411,415516,425676,39491,39491
507,416642,988377985,39491,415596,425756,39571,39571
508,416722,990380262,39571,415676,425836,39651,39651
509,416802,992382540,39651,415756,425916,39731,39731
510,416883,994384817,39731,415837,425997,39811,39811
511,416963,996387094,39811,415917,426077,39891,39891
512,417043,998389371,39891,415997,426157,39971,39971
513,417123,1000391647,39971,416077,426237,40051,40051
514,417203,1002393923,40051,416157,426317,40131,40131
515,417373,1004396201,40131,416327,426487,40211,40211
516,417600,1006398477,40211,416554,426714,40291,40291
517,417804,1008399040,40290,416758,426918,40370,40370
518,418085,1010403031,40371,417039,427199,40451,40451
519,418453,1012405308,40451,417407,427567,40531,40531
520,418915,1014407029,40530,417869,428029,40610,40610
521,419558,1016409863,40611,418512,428672,40691,40691
522,420253,1018411434,40690,419207,429367,40770,40770
523,421086,1020412091,40770,420040,430202,40850,40850
524,422035,1022414044,40850,420989,431151,40930,40930
525,423067,1024415380,40930,422021,432184,41010,41010
526,424180,1026417512,41010,423134,433297,41090,41090
527,425163,1028420673,41090,424117,434280,41170,41170
528,426235,1030421010,41170,425189,435352,41250,41250
529,427313,1032423934,41250,426267,436430,41330,41330
530,428419,1034424090,41330,427373,437537,41410,41410
531,429000,1035416995,41370,427954,438118,41450,41450
532,430059,1037418679,41450,429013,439180,41530,41530
533,431160,1039419239,41530,430114,440281,41610,41610
534,432220,1041419846,41610,431174,441342,41690,41690
535,433303,1043422511,41690,432257,442426,41770,41770
536,434359,1045423423,41770,433313,443482,41850,41850
537,435442,1047425580,41850,434396,444565,41930,41930
538,436518,1049426313,41930,435472,445641,42010,42010
539,437567,1051431174,42010,436521,446690,42090,42090
540,438639,1053435003,42090,437593,447762,42170,42170
541,439704,1055436198,42170,438658,448827,42250,42250
542,440803,1057437345,42250,439757,449926,42330,42330
543,441859,1059437855,42330,440813,450982,42410,42410
544,442000,1059704164,42340,440954,451123,42420,42420
545,443089,1061704313,42420,442043,452214,42500,42500
546,444216,1063708831,42500,443170,453341,42580,42580
547,445318,1065710130,42580,444272,454443,42660,42660
548,446407,1067711259,42660,445361,455532,42740,42740
549,447496,1069712073,42740,446450,456622,42820,42820
550,448563,1071716054,42820,447517,457690,42900,42900
551,449618,1073718459,42900,448572,458745,42980,42980
552,450732,1075720612,42980,449686,459859,43060,43060
553,451854,1077723985,43060,450808,460981,43140,43140
554,452867,1079725037,43140,451821,461994,43220,43220
555,453902,1081725338,43220,452856,463030,43300,43300
556,454980,1083734670,43300,453934,464108,43380,43380
557,455000,1083786491,43303,453954,464128,43383,43383
558,456055,1085787695,43382,455009,465184,43462,43462
559,457053,1087788690,43462,456007,466182,43542,43542
560,458132,1089792964,43542,457086,467262,43622,43622
561,459170,1091793115,43622,458124,468300,43702,43702
562,460321,1093794370,43702,459275,469451,43782,43782
563,461421,1095796620,43782,460375,470551,43862,43862
564,462499,1097796870,43862,461453,471629,43942,43942
565,463561,1099797113,43942,462516,472693,44022,44022
566,464653,1101798864,44022,463607,473785,44102,44102
567,465709,1103798916,44102,464663,474841,44182,44182
568,466819,1105809517,44182,465773,475951,44262,44262
569,467858,1107810768,44262,466812,476990,44342,44342
570,468000,1108112665,44274,466954,477132,44354,44354
571,469029,1110113020,44354,467983,478162,44434,44434
572,470102,1112113883,44434,469056,479235,44514,44514
573,471178,1114115742,44514,470133,480312,44594,44594
574,472230,1116117025,44594,471184,481363,44674,44674
575,473308,1118117855,44674,472262,482441,44754,44754
576,474357,1120120424,44754,473311,483490,44834,44834
577,475472,1122121759,44834,474426,484605,44914,44914
578,476565,1124122010,44914,475519,485699,44994,44994
579,477616,1126122509,44994,476570,486751,45074,45074
580,478689,1128125333,45074,477644,487825,45154,45154
581,479768,1130125662,45154,478722,488903,45234,45234
582,480861,1132127130,45234,479815,489996,45314,45314
583,481000,1132384330,45244,479954,490135,45324,45324
584,482090,1134384349,45324,481044,491225,45404,45404
585,483167,1136384494,45404,482121,492304,45484,45484
586,484259,1138389031,45484,483213,493396,45564,45564
587,485380,1140389341,45564,484334,494517,45644,45644
588,486498,1142391310,45644,485452,495635,45724,45724
589,487581,1144394466,45724,486535,496718,45804,45804
590,488635,1146395128,45804,487589,497772,45884,45884
591,489701,1148396209,45884,488655,498838,45964,45964
592,490797,1150398200,45964,489751,499934,46044,46044
593,491827,1152400778,46044,490781,500964,46124,46124
594,492928,1154401259,46124,491882,502065,46204,46204
595,493970,1156403785,46204,492924,503108,46284,46284
596,494000,1156459234,46206,492954,503138,46286,46286
597,495106,1158464713,46286,494060,504245,46366,46366
598,496227,1160470664,46366,495181,505366,46446,46446
599,497343,1162475675,46446,496297,506482,46526,46526
600,498455,1164475977,46526,497409,507594,46606,46606
601,499524,1166476623,46606,498478,508664,46686,46686
602,500580,1168481543,46686,499534,509720,46766,46766
603,501676,1170485078,46767,500630,510816,46847,46847
604,502767,1172485526,46846,501721,511907,46926,46926
605,503854,1174487210,46926,502808,512994,47006,47006
606,504946,1176488561,47006,503900,514086,47086,47086
607,506015,1178489055,47086,504969,515155,47166,47166
608,507000,1180216229,47155,505954,516140,47235,47235
609,508064,1182220741,47235,507018,517207,47315,47315
610,509154,1184221038,47315,508108,518298,47395,47395
611,510245,1186223766,47395,509199,519390,47475,47475
612,511320,1188227418,47475,510274,520465,47555,47555
613,512459,1190227641,47555,511413,521604,47635,47635
614,513632,1192229513,47635,512586,522777,47715,47715
615,514753,1194230696,47715,513707,523899,47795,47795
616,515880,1196230943,47795,514834,525027,47875,47875
617,516957,1198237888,47875,515911,526105,47955,47955
618,518047,1200238164,47955,517001,527195,48035,48035
619,519153,1202241053,48035,518107,528301,48115,48115
620,520000,1203809218,48098,518954,529148,48178,48178
621,521072,1205811284,48178,520026,530220,48258,48258
622,522210,1207814947,48258,521164,531358,48338,48338
623,523288,1209814918,48338,522243,532438,48418,48418
624,524402,1211816594,48418,523356,533551,48498,48498
625,525517,1213820027,48498,524471,534666,48578,48578
626,526588,1215823352,48578,525542,535737,48658,48658
627,527675,1217824185,48658,526629,536825,48738,48738
628,528822,1219827413,48738,527777,537974,48818,48818
629,529888,1221829539,48818,528842,539039,48898,48898
630,530951,1223833959,48898,529905,540102,48978,48978
631,532022,1225840154,48978,530976,541174,49058,49058
632,533000,1227671621,49051,531954,542152,49131,49131
633,534000,1229672218,49131,532954,543153,49211,49211
634,535094,1231673074,49211,534048,544247,49291,49291
635,536146,1233677396,49291,535100,545299,49371,49371
636,537250,1235678615,49371,536204,546403,49451,49451
637,538329,1237679234,49451,537283,547482,49531,49531
638,539347,1239688638,49531,538301,548501,49611,49611
639,540464,1241689409,49611,539418,549618,49691,49691
640,541439,1243689677,49691,540393,550593,49771,49771
641,542507,1245691129,49771,541461,551661,49851,49851
642,543567,1247695175,49851,542521,552721,49931,49931
643,544693,1249696151,49931,543647,553847,50011,50011
644,545778,1251697251,50011,544732,554932,50091,50091
645,546000,1252124816,50028,544954,555154,50108,50108
646,546990,1254127354,50108,545944,556148,50188,50188
647,548034,1256129355,50188,546988,557193,50268,50268
648,549100,1258130370,50268,548054,558259,50348,50348
649,550172,1260131728,50348,549126,559331,50428,50428
650,551228,1262132137,50428,550182,560387,50508,50508
651,552281,1264133265,50508,551235,561441,50588,50588
652,553352,1266134796,50588,552306,562512,50668,50668
653,554362,1268135132,50668,553316,563522,50748,50748
654,555458,1270138983,50748,554412,564618,50828,50828
655,556487,1272140704,50828,555441,565647,50908,50908
656,557570,1274142821,50908,556524,566730,50988,50988
657,558575,1276144496,50988,557529,567735,51068,51068
658,559000,1276933213,51020,557954,568160,51100,51100
659,560064,1278933404,51100,559018,569228,51180,51180
660,560647,1280009620,51143,559601,569811,51223,51223
