Run Number,Residual Index,Sigma Calibrated
5356,0,0.25875941132295255
5356,1,0.2587594527631443
5356,2,0.25115866263447223
5356,3,0.2587594216763011
5356,4,0.2587593960222469
5356,5,0.2587593690943422
5356,6,0.24975481106957984
5356,7,0.25875941132295255
5356,8,0.24975481106957984
5356,9,0.24975481106957984
5356,10,0.25115866263446723
5356,11,0.2587593690943422
5992,0,0.2587593960222469
5992,1,0.2587593690943422
5992,2,0.2587593690943422
5992,3,0.25875944031279874
5992,4,0.25875941132295255
5992,5,0.25115866263447223
5992,6,0.25875944031279874
5992,7,0.25685717513717576
5992,8,0.2587593960222469
5992,9,0.2515501737415054
5992,10,0.24265128651765458
5992,11,0.25875963215271053
6712,0,0.0
6712,1,0.0
6712,2,0.0
6712,3,0.0
6712,4,0.0
6712,5,0.0
6712,6,0.0
6712,7,0.0
6712,8,0.0
6712,9,0.0
6712,10,0.0
6712,11,0.0
5171,0,0.024341689527667656
5171,1,0.0247044146104651
5171,2,0.026255334652114676
5171,3,0.02505615399835448
5171,4,0.022822823468621783
5171,5,0.023149256783938654
5171,6,0.021803644509265214
5171,7,0.021488832141688445
5171,8,0.021981919585429173
5171,9,0.02217690520108048
5171,10,0.021186879901514574
5171,11,0.022071033897807645
6566,0,0.2587593690943422
6566,1,0.25875942925286716
6566,2,0.2587593960222469
6566,3,0.25115866263446723
6566,4,0.25115866263447223
6566,5,0.2587593960222469
6566,6,0.258759440313116
6566,7,0.25240249396082404
6566,8,0.2587593960222469
6566,9,0.2587594488770885
6566,10,0.2587594352770896
6566,11,0.25115866263447223
6480,0,0.25875942925286716
6480,1,0.2483780484284299
6480,2,0.25115866263446723
6480,3,0.23860665019952534
6480,4,0.2587594352770896
6480,5,0.2587594216763802
6480,6,0.2587594352770896
6480,7,0.2587594352775018
6480,8,0.2587593690943422
6480,9,0.2587593690943422
6480,10,0.25875942925285883
6480,11,0.25875942925286716
6475,0,0.2587593690943422
6475,1,0.25115866263446723
6475,2,0.24975481106957992
6475,3,0.25115866263446723
6475,4,0.25115866263446723
6475,5,0.2587593690943422
6475,6,0.2587593690943422
6475,7,0.2587594216763011
6475,8,0.24975481106957992
6475,9,0.24975481106957992
6475,10,0.25115866263446723
6475,11,0.2587593960222469
6593,0,0.258759440313116
6593,1,0.25115866263446723
6593,2,0.0
6593,3,0.25875944031279874
6593,4,0.2587594448048623
6593,5,0.25115866263446723
6593,6,0.25115866263446723
6593,7,0.24975481106957984
6593,8,0.2587593960222469
6593,9,0.2587593690943422
6593,10,0.24975481106957984
6593,11,0.25115866263447223
6376,0,0.0
6376,1,0.0
6376,2,0.0
6376,3,0.0
6376,4,0.0
6376,5,0.0
6376,6,0.0
6376,7,0.0
6376,8,0.0
6376,9,0.0
6376,10,0.0
6376,11,0.0
6151,0,0.030320096709683778
6151,1,0.029219365633896186
6151,2,0.036268897531837443
6151,3,0.033720655733388984
6151,4,0.029240090437504973
6151,5,0.029879690184608797
6151,6,0.029597146890107822
6151,7,0.029813147917156297
6151,8,0.02759099823203436
6151,9,0.02811647642715893
6151,10,0.03057316426807999
6151,11,0.03144037249265642
6426,0,0.258759440313116
6426,1,0.2587593690943422
6426,2,0.25115866263447223
6426,3,0.2587594352770896
6426,4,0.2587594216763011
6426,5,0.25115866263447223
6426,6,0.24975481106957984
6426,7,0.25115866263446723
6426,8,0.2587593960222469
6426,9,0.2587593690943422
6426,10,0.25875942925286716
6426,11,0.25875941132295255
6807,0,0.2587594958786903
6807,1,0.2587595479980322
6807,2,0.24975481106957984
6807,3,0.2587594352775018
6807,4,0.25875944031279874
6807,5,0.25115866263446723
6807,6,0.25875941132295255
6807,7,0.24975481106957992
6807,8,0.2238332180810406
6807,9,0.24738202131604453
6807,10,0.2587593960222469
6807,11,0.2587593690943422
6325,0,0.24681612388806196
6325,1,0.2587593960222469
6325,2,0.24975481106957992
6325,3,0.25875944887690067
6325,4,0.2587594448048623
6325,5,0.2587593690943422
6325,6,0.24975481106957984
6325,7,0.0
6325,8,0.25875941132295255
6325,9,0.2587594216763802
6325,10,0.2587593960222469
6325,11,0.25875941132295255
5184,0,0.030275285912995848
5184,1,0.028982382665005454
5184,2,0.03954435561971828
5184,3,0.03620594800052899
5184,4,0.030434578439805307
5184,5,0.03183989506168859
5184,6,0.028578792008518056
5184,7,0.028828050871009217
5184,8,0.026489235726775993
5184,9,0.027667937907970883
5184,10,0.031060416606109736
5184,11,0.031739880858955245
2634,0,0.2587593690943422
2634,1,0.2587593690943422
2634,2,0.2587593960222469
2634,3,0.2587593690943422
2634,4,0.2587593690943422
2634,5,0.2587593690943422
2634,6,0.25685717513714257
2634,7,0.25115866263446723
2634,8,0.24975481106957984
2634,9,0.26014525895902707
2634,10,0.258759440313116
2634,11,0.25875942925286716
1495,0,0.029167800697278326
1495,1,0.027475140415836208
1495,2,0.03394782671445673
1495,3,0.03199974323051812
1495,4,0.027205510573334105
1495,5,0.028880786316720804
1495,6,0.028327962295354375
1495,7,0.02725708336788887
1495,8,0.02565841695179107
1495,9,0.026547909850373065
1495,10,0.02721159690115
1495,11,0.029236273515570912
5217,0,0.03169344239661839
5217,1,0.03060305920767593
5217,2,0.04230311439064016
5217,3,0.037960220253420225
5217,4,0.031164835611018658
5217,5,0.03291886052514436
5217,6,0.03083367095596747
5217,7,0.030716526196886404
5217,8,0.02858665318147309
5217,9,0.029369050129648834
5217,10,0.03300809309786573
5217,11,0.03387901199392294
5185,0,0.030007059428595453
5185,1,0.02880828748971609
5185,2,0.03808311933350389
5185,3,0.034721631529152
5185,4,0.029228611793897175
5185,5,0.030378620741308517
5185,6,0.02967860050922905
5185,7,0.028609426796342416
5185,8,0.02654303478264014
5185,9,0.027173633951905415
5185,10,0.030476468959225622
5185,11,0.03037748633257137
5244,0,0.0
5244,1,0.0
5244,2,0.0
5244,3,0.0
5244,4,0.0
5244,5,0.0
5244,6,0.0
5244,7,0.0
5244,8,0.0
5244,9,0.0
5244,10,0.0
5244,11,0.0
3162,0,0.25875942925286716
3162,1,0.25875941132295255
3162,2,0.23860665019952534
3162,3,0.2587593690943422
3162,4,0.25875942925286716
3162,5,0.25875941132295255
3162,6,0.2587593960222469
3162,7,0.24975481106957992
3162,8,0.25875941132295255
3162,9,0.2587594216763802
3162,10,0.2587593690943422
3162,11,0.25115866263446723
6324,0,0.2587593690943422
6324,1,0.2587594488770885
6324,2,0.2587593960222469
6324,3,0.25875944480497265
6324,4,0.2587594488770885
6324,5,0.2587593690943422
6324,6,0.25115866263447223
6324,7,0.25115866263446723
6324,8,0.25875941132295255
6324,9,0.25875941132295255
6324,10,0.2587593960222469
6324,11,0.25875941132295255
6427,0,0.2587594216763802
6427,1,0.2587594448048623
6427,2,0.2587593960222469
6427,3,0.24975481106957992
6427,4,0.24975481106957992
6427,5,0.2587594216763011
6427,6,0.25875942925285883
6427,7,0.24975481106957992
6427,8,0.2587594216763011
6427,9,0.24975481106957984
6427,10,0.2483780484284299
6427,11,0.2238332180810406
5170,0,0.024723671095520258
5170,1,0.0246088585473241
5170,2,0.02655100846711894
5170,3,0.024814005394637777
5170,4,0.022390434765920605
5170,5,0.023284091143341526
5170,6,0.02164680729192362
5170,7,0.02206975204427658
5170,8,0.02237688716714472
5170,9,0.022406986933177015
5170,10,0.021361660851863567
5170,11,0.02238997691977196
2191,0,0.2587594216763802
2191,1,0.2587593690943422
2191,2,0.25115866263446723
2191,3,0.2587593690943422
2191,4,0.24975481106957992
2191,5,0.24975481106957992
2191,6,0.25115866263447223
2191,7,0.24975481106957992
2191,8,0.2587593960222469
2191,9,0.25875941132295255
2191,10,0.2587593690943422
2191,11,0.24975481106957984
6481,0,0.24975481106957992
6481,1,0.2587594216763011
6481,2,0.25875941132295255
6481,3,0.25115866263447223
6481,4,0.2587593960222469
6481,5,0.25115866263447223
6481,6,0.24975481106957984
6481,7,0.2587593690943422
6481,8,0.24975481106957984
6481,9,0.25115866263446723
6481,10,0.25875944480497265
6481,11,0.258759440313116
6679,0,0.25115866263446723
6679,1,0.2587593960222469
6679,2,0.24975481106957984
6679,3,0.2587593690943422
6679,4,0.2587593690943422
6679,5,0.24975481106957992
6679,6,0.24975481106957984
6679,7,0.2587593960222469
6679,8,0.2587593960222469
6679,9,0.25875941132295255
6679,10,0.2587594216763802
6679,11,0.25875941132295255
6382,0,0.25875944031279874
6382,1,0.2587593960222469
6382,2,0.2587593690943422
6382,3,0.2587593690943422
6382,4,0.2587593960222469
6382,5,0.24975481106957992
6382,6,0.24975481106957984
6382,7,0.2587593960222469
6382,8,0.25115866263447223
6382,9,0.24975481106957984
6382,10,0.24975481106957992
6382,11,0.25115866263446723
6425,0,0.023618391346908386
6425,1,0.023541557888126993
6425,2,0.025942339416876084
6425,3,0.02474408539555129
6425,4,0.021962979249164166
6425,5,0.02276036353663739
6425,6,0.0215670721852054
6425,7,0.021401059864481143
6425,8,0.02112331819710324
6425,9,0.021613902131744432
6425,10,0.021318337834776133
6425,11,0.02256188855648489
3160,0,0.0
3160,1,0.0
3160,2,0.0
3160,3,0.0
3160,4,0.0
3160,5,0.0
3160,6,0.0
3160,7,0.0
3160,8,0.0
3160,9,0.0
3160,10,0.0
3160,11,0.0
6326,0,0.25115866263446723
6326,1,0.2587594448048623
6326,2,0.25875942925286716
6326,3,0.24681612388806196
6326,4,0.2587594216763011
6326,5,0.2587593690943422
6326,6,0.24975481106957984
6326,7,0.25115866263447223
6326,8,0.25875941132295255
6326,9,0.2587594216763802
6326,10,0.2587594448048623
6326,11,0.25875944031279874
5187,0,0.02983897740721303
5187,1,0.02799381348487765
5187,2,0.03805579201644803
5187,3,0.03360308026636592
5187,4,0.028394925969481056
5187,5,0.029609813650828033
5187,6,0.02782450973630168
5187,7,0.027872323362463897
5187,8,0.026287827289455185
5187,9,0.02649360908907704
5187,10,0.02876499892854763
5187,11,0.028841565931138763
2411,0,0.2587593690943422
2411,1,0.2587593690943422
2411,2,0.24975481106957992
2411,3,0.24975481106957984
2411,4,0.25115866263446723
2411,5,0.25115866263447223
2411,6,0.25875942925285883
2411,7,0.25875941132295255
2411,8,0.2587594216763011
2411,9,0.2587593960222469
2411,10,0.25875941132295255
2411,11,0.2587593690943422
6476,0,0.02498689496876749
6476,1,0.024459754540212427
6476,2,0.027804909278542442
6476,3,0.026208320263956836
6476,4,0.023084455552701968
6476,5,0.02377855489395234
6476,6,0.02341300123178724
6476,7,0.023346198730320844
6476,8,0.02201700018369395
6476,9,0.02245766378026859
6476,10,0.023679787354690847
6476,11,0.024710199262266554
6375,0,0.2587594216763802
6375,1,0.24975481106957984
6375,2,0.24975481106957984
6375,3,0.24975481106957984
6375,4,0.25115866263446723
6375,5,0.2587593690943422
6375,6,0.25875941132295255
6375,7,0.24975481106957984
6375,8,0.2587594216763802
6375,9,0.25115866263447223
6375,10,0.2587593690943422
6375,11,0.2587593960222469
1497,0,0.025723859332336663
1497,1,0.024513138596544866
1497,2,0.029455888413663322
1497,3,0.02767382326836909
1497,4,0.023943471865976094
1497,5,0.025232191239626448
1497,6,0.02475046570743424
1497,7,0.023680999770490947
1497,8,0.022438850221976895
1497,9,0.023480799694893514
1497,10,0.023592820341487596
1497,11,0.024665193047566862
6152,0,0.029727571738330176
6152,1,0.029176019071468433
6152,2,0.03701954579311488
6152,3,0.03383797034979354
6152,4,0.02982242330710765
6152,5,0.03020466946704354
6152,6,0.029732638789018807
6152,7,0.029585311398994188
6152,8,0.027432884096260973
6152,9,0.028114290510220755
6152,10,0.030149380378853223
6152,11,0.03100969030645703
6380,0,0.0
6380,1,0.0
6380,2,0.0
6380,3,0.0
6380,4,0.0
6380,5,0.0
6380,6,0.0
6380,7,0.0
6380,8,0.0
6380,9,0.0
6380,10,0.0
6380,11,0.0
6178,0,0.030355940940957817
6178,1,0.02901760483142864
6178,2,0.03795415605534522
6178,3,0.03439101954493897
6178,4,0.02968300832757951
6178,5,0.030425941718479347
6178,6,0.03008972287419954
6178,7,0.03074186943017199
6178,8,0.02745191637674756
6178,9,0.02833937763651768
6178,10,0.03178809961992059
6178,11,0.0326955726411431
2252,0,0.0
2252,1,0.0
2252,2,0.0
2252,3,0.0
2252,4,0.0
2252,5,0.0
2252,6,0.0
2252,7,0.0
2252,8,0.0
2252,9,0.0
2252,10,0.0
2252,11,0.0
1508,0,0.028879049261023096
1508,1,0.026670784899502475
1508,2,0.032290584220643036
1508,3,0.0304195191624815
1508,4,0.026441387014163563
1508,5,0.028221633907621654
1508,6,0.027752948567764946
1508,7,0.027161701361231454
1508,8,0.025563953682324253
1508,9,0.025669139458898368
1508,10,0.026564667196445034
1508,11,0.02854190207370334
5172,0,0.024836100613191157
5172,1,0.02465306492879945
5172,2,0.02674390611754488
5172,3,0.025349828470971773
5172,4,0.02314757913381532
5172,5,0.023502780938414725
5172,6,0.021964178749300445
5172,7,0.02166249881599438
5172,8,0.022331433872831645
5172,9,0.02256875238082371
5172,10,0.021199172145657336
5172,11,0.022576722526663442
6267,0,0.25875944480497265
6267,1,0.2587594527631443
6267,2,0.23860665019952534
6267,3,0.2587595667572284
6267,4,0.25875944887690067
6267,5,0.2587594527631443
6267,6,0.2587594352775018
6267,7,0.2587594216763802
6267,8,0.24738202131604453
6267,9,0.25240249396082404
6267,10,0.25115866263446723
6267,11,0.2587593960222469
6482,0,0.0
6482,1,0.0
6482,2,0.0
6482,3,0.0
6482,4,0.0
6482,5,0.0
6482,6,0.0
6482,7,0.0
6482,8,0.0
6482,9,0.0
6482,10,0.0
6482,11,0.0
6179,0,0.030656324888727316
6179,1,0.029318358892167988
6179,2,0.03987549217645101
6179,3,0.03713110044909938
6179,4,0.03009281336221287
6179,5,0.031049640294297826
6179,6,0.030449131580540873
6179,7,0.030010840853790643
6179,8,0.027092387781523904
6179,9,0.02847265792618359
6179,10,0.03185012377336476
6179,11,0.033410761070856984
1463,0,0.029949724549227626
1463,1,0.027648801018860483
1463,2,0.034707933524217735
1463,3,0.03177510426994619
1463,4,0.027003894275570057
1463,5,0.029225923703911142
1463,6,0.028384713904199714
1463,7,0.02736842400479082
1463,8,0.025588845033766416
1463,9,0.026231720826935645
1463,10,0.027312100751683187
1463,11,0.029715046429964084
6381,0,0.2587593690943422
6381,1,0.24975481106957992
6381,2,0.24975481106957992
6381,3,0.25875942925286716
6381,4,0.2587594216763011
6381,5,0.25875944887690067
6381,6,0.25115866263447223
6381,7,0.2587593690943422
6381,8,0.25875941132295255
6381,9,0.2587594216763011
6381,10,0.24975481106957984
6381,11,0.2587593690943422
5173,0,0.02458996958731045
5173,1,0.024947417649815663
5173,2,0.026784789596205602
5173,3,0.025294940941040824
5173,4,0.023416445294610434
5173,5,0.023357416223313717
5173,6,0.02211129042404185
5173,7,0.021981406497941
5173,8,0.022033876330818453
5173,9,0.022539223506552103
5173,10,0.021767190021143783
5173,11,0.023050249763088816
2192,0,0.25115866263446723
2192,1,0.25875942925285883
2192,2,0.2587593960222469
2192,3,0.2587594488770885
2192,4,0.25875941132295255
2192,5,0.2587593960222469
2192,6,0.2587593690943422
2192,7,0.2587594216763011
2192,8,0.25875941132295255
2192,9,0.24975481106957984
2192,10,0.25875942925286716
2192,11,0.2587593960222469
5186,0,0.03059214804736955
5186,1,0.02853928449235145
5186,2,0.03791157883037139
5186,3,0.0347694395270667
5186,4,0.02928431639691734
5186,5,0.029662867657849843
5186,6,0.02834744096208738
5186,7,0.02798363582501149
5186,8,0.02627453191383194
5186,9,0.02731051461213013
5186,10,0.030029588462521233
5186,11,0.03029038101121316
6327,0,0.24975481106957984
6327,1,0.2238332180810406
6327,2,0.2587593690943422
6327,3,0.25875944887690067
6327,4,0.25875942925286716
6327,5,0.2587594352775018
6327,6,0.2587593690943422
6327,7,0.2587593960222469
6327,8,0.25875942925286716
6327,9,0.25115866263447223
6327,10,0.25875941132295255
6327,11,0.2587593690943422
2340,0,0.2587594216763802
2340,1,0.2587593960222469
2340,2,0.2587594527629917
2340,3,0.2587593690943422
2340,4,0.25875941132295255
2340,5,0.23860665019952534
2340,6,0.25115866263446723
2340,7,0.2587594352775018
2340,8,0.2587593690943422
2340,9,0.2587594216763802
2340,10,0.24975481106957992
2340,11,0.2587594448048623
2443,0,0.2587593690943422
2443,1,0.25115866263446723
2443,2,0.2587593690943422
2443,3,0.25115866263447223
2443,4,0.25875942925285883
2443,5,0.2587593690943422
2443,6,0.2587593960222469
2443,7,0.25115866263446723
2443,8,0.25875941132295255
2443,9,0.25115866263446723
2443,10,0.2587593690943422
2443,11,0.24975481106957992
6153,0,0.030043973148545282
6153,1,0.029088298614102316
6153,2,0.03773614444252301
6153,3,0.0343044138090294
6153,4,0.02972409898284212
6153,5,0.030540137589518426
6153,6,0.030346057715646566
6153,7,0.030381646223077426
6153,8,0.027400239786095973
6153,9,0.02795836558688448
6153,10,0.03174006378834681
6153,11,0.032907328562161164
3132,0,0.2587593690943422
3132,1,0.258759440313116
3132,2,0.25875944480497265
3132,3,0.25875941132295255
3132,4,0.2587594352775018
3132,5,0.24975481106957992
3132,6,0.2587594352775018
3132,7,0.23860665019952534
3132,8,0.25875941132295255
3132,9,0.24975481106957984
3132,10,0.2587593960222469
3132,11,0.2587593690943422
1496,0,0.028780947654155703
1496,1,0.027293024366403965
1496,2,0.03361252721093078
1496,3,0.031246421680509524
1496,4,0.02696382036192669
1496,5,0.028833079446667825
1496,6,0.028136156417415487
1496,7,0.02719333119728684
1496,8,0.025760784661963142
1496,9,0.026480922311147775
1496,10,0.02734543119769931
1496,11,0.029348390165680246
6374,0,0.2587594352770896
6374,1,0.2587594352775018
6374,2,0.24975481106957984
6374,3,0.2587593690943422
6374,4,0.25115866263446723
6374,5,0.24975481106957984
6374,6,0.2587593960222469
6374,7,0.2587593960222469
6374,8,0.24975481106957992
6374,9,0.24975481106957984
6374,10,0.25115866263446723
6374,11,0.25115866263447223
6477,0,0.25875944031279874
6477,1,0.25875942925286716
6477,2,0.2587593960222469
6477,3,0.25115866263446723
6477,4,0.2587593690943422
6477,5,0.25115866263446723
6477,6,0.24975481106957992
6477,7,0.2587594216763802
6477,8,0.2587594352775018
6477,9,0.24975481106957992
6477,10,0.25875944031279874
6477,11,0.24975481106957984
2772,0,0.019193259801728788
2772,1,0.01922487477550389
2772,2,0.021478107938775134
2772,3,0.02023508158524503
2772,4,0.0176195911810368
2772,5,0.018162806733841404
2772,6,0.017040412351080236
2772,7,0.016963673560271408
2772,8,0.0182198976712764
2772,9,0.018041551975113763
2772,10,0.016805933334220237
2772,11,0.017728478644568446
2071,0,0.01942905735693393
2071,1,0.019265028814959367
2071,2,0.020634491242077443
2071,3,0.019466107895732325
2071,4,0.017646209326187465
2071,5,0.01794713296654396
2071,6,0.01673628368851875
2071,7,0.016749104345756927
2071,8,0.0181894027062717
2071,9,0.018116611710734514
2071,10,0.01650969523181409
2071,11,0.017368097290601955
6308,0,0.2587593960222469
6308,1,0.24681612388806196
6308,2,0.25875942925285883
6308,3,0.2587594216763802
6308,4,0.258759440313116
6308,5,0.25875941132295255
6308,6,0.25875941132295255
6308,7,0.2587593960222469
6308,8,0.25875941132295255
6308,9,0.2587593960222469
6308,10,0.25115866263446723
6308,11,0.24975481106957984
6458,0,0.2587594352775018
6458,1,0.2587594352770896
6458,2,0.2587594216763011
6458,3,0.25875942925285883
6458,4,0.25115866263446723
6458,5,0.24975481106957984
6458,6,0.25875941132295255
6458,7,0.25875941132295255
6458,8,0.25875942925285883
6458,9,0.2587593690943422
6458,10,0.25115866263447223
6458,11,0.2587594352775018
6384,0,0.24975481106957984
6384,1,0.2587594448048623
6384,2,0.2587594352770896
6384,3,0.2587593960222469
6384,4,0.2587594448048623
6384,5,0.24975481106957984
6384,6,0.24975481106957992
6384,7,0.2587593960222469
6384,8,0.258759440313116
6384,9,0.2587593690943422
6384,10,0.25875941132295255
6384,11,0.25115866263446723
1466,0,0.02912211618940419
1466,1,0.028272952792482976
1466,2,0.03506058145099552
1466,3,0.03273604560845049
1466,4,0.027022148978164857
1466,5,0.02824931302962988
1466,6,0.028239387940416152
1466,7,0.027528221129707143
1466,8,0.02555479432560158
1466,9,0.026120206354627886
1466,10,0.027650015869133234
1466,11,0.030127790681751976
6487,0,0.2587594352770896
6487,1,0.25875941132295255
6487,2,0.2587593960222469
6487,3,0.25115866263446723
6487,4,0.2587593690943422
6487,5,0.25875942925285883
6487,6,0.25115866263446723
6487,7,0.24975481106957992
6487,8,0.2587593690943422
6487,9,0.25875941132295255
6487,10,0.2587594216763011
6487,11,0.25875942925285883
6156,0,0.029501017516130695
6156,1,0.028594315227727946
6156,2,0.03876557264991462
6156,3,0.03580716371355773
6156,4,0.029552168340811834
6156,5,0.030955515991492162
6156,6,0.029579595245902125
6156,7,0.029629958215065335
6156,8,0.027488450481398353
6156,9,0.028033934236053614
6156,10,0.031691437213011826
6156,11,0.03313478522277244
6371,0,0.25115866263447223
6371,1,0.2587593690943422
6371,2,0.2587593690943422
6371,3,0.24975481106957992
6371,4,0.25115866263447223
6371,5,0.2587593960222469
6371,6,0.2587593960222469
6371,7,0.24975481106957984
6371,8,0.25875941132295255
6371,9,0.25115866263446723
6371,10,0.25875942925285883
6371,11,0.2587594527629917
5183,0,0.031027757995083814
5183,1,0.029031829224780894
5183,2,0.03954869975046651
5183,3,0.03602728914539884
5183,4,0.029513620345147352
5183,5,0.03160167028226046
5183,6,0.029193178771765006
5183,7,0.028670144721402772
5183,8,0.026001054097716702
5183,9,0.027133493896056238
5183,10,0.029955086577980985
5183,11,0.03166487213860242
2787,0,0.0
2787,1,0.0
2787,2,0.0
2787,3,0.0
2787,4,0.0
2787,5,0.0
2787,6,0.0
2787,7,0.0
2787,8,0.0
2787,9,0.0
2787,10,0.0
2787,11,0.0
5680,0,0.25875944480497265
5680,1,0.2587595099114999
5680,2,0.2587593960222469
5680,3,0.23860665019952534
5680,4,0.2587594352775018
5680,5,0.2587594448048623
5680,6,0.26014525895886376
5680,7,0.2587594527631443
5680,8,0.24975481106957984
5680,9,0.25875942925285883
5680,10,0.2587593690943422
5680,11,0.24975481106957984
6421,0,0.2587593690943422
6421,1,0.2587594352775018
6421,2,0.25875944031279874
6421,3,0.25115866263447223
6421,4,0.2587593690943422
6421,5,0.2587593960222469
6421,6,0.25875970200447473
6421,7,0.25875970200447473
6421,8,0.2587596570433509
6421,9,0.25875973107822325
6421,10,0.2587594352775018
6421,11,0.0
6370,0,0.2587593960222469
6370,1,0.24975481106957984
6370,2,0.2587593690943422
6370,3,0.25115866263446723
6370,4,0.25875941132295255
6370,5,0.2587593690943422
6370,6,0.2587593960222469
6370,7,0.25115866263447223
6370,8,0.25115866263446723
6370,9,0.2587593960222469
6370,10,0.25875942925285883
6370,11,0.2587594448048623
3136,0,0.25115866263447223
3136,1,0.24975481106957992
3136,2,0.2587594527629917
3136,3,0.25875944887690067
3136,4,0.24975481106957992
3136,5,0.25115866263447223
3136,6,0.2587593960222469
3136,7,0.24975481106957984
3136,8,0.25115866263447223
3136,9,0.2587594216763802
3136,10,0.2587593960222469
3136,11,0.2587594352775018
6473,0,0.2587594352775018
6473,1,0.25115866263446723
6473,2,0.25875944031279874
6473,3,0.2587593690943422
6473,4,0.2587593690943422
6473,5,0.2587594448048623
6473,6,0.2587594216763011
6473,7,0.25875944887690067
6473,8,0.2587593690943422
6473,9,0.24975481106957984
6473,10,0.25875944887690067
6473,11,0.25875942925286716
6157,0,0.029822291559088273
6157,1,0.028679382273142696
6157,2,0.037079877655753934
6157,3,0.033909021344546306
6157,4,0.029486864369874324
6157,5,0.030187396033454227
6157,6,0.029396237939920546
6157,7,0.029830590036013276
6157,8,0.02771000350299421
6157,9,0.02829148709278522
6157,10,0.030433621569394293
6157,11,0.031246867522392235
6323,0,0.2483780484284299
6323,1,0.2587594448048623
6323,2,0.2587594352775018
6323,3,0.2587593690943422
6323,4,0.24975481106957992
6323,5,0.25875944031279874
6323,6,0.2587593960222469
6323,7,0.24975481106957992
6323,8,0.2587593960222469
6323,9,0.25875942925285883
6323,10,0.2587594216763011
6323,11,0.2587593690943422
6420,0,0.0
6420,1,0.0
6420,2,0.0
6420,3,0.0
6420,4,0.0
6420,5,0.0
6420,6,0.0
6420,7,0.0
6420,8,0.0
6420,9,0.0
6420,10,0.0
6420,11,0.0
2660,0,0.2587593690943422
2660,1,0.2587594527629917
2660,2,0.2587594352770896
2660,3,0.24975481106957992
2660,4,0.2587593960222469
2660,5,0.2587594216763011
2660,6,0.25115866263446723
2660,7,0.2587593690943422
2660,8,0.2587593960222469
2660,9,0.25875941132295255
2660,10,0.2587593960222469
2660,11,0.2587593690943422
3441,0,0.0
3441,1,0.0
3441,2,0.0
3441,3,0.0
3441,4,0.0
3441,5,0.0
3441,6,0.0
3441,7,0.0
3441,8,0.0
3441,9,0.0
3441,10,0.0
3441,11,0.0
1700,0,0.2587595050853485
1700,1,0.25875950042151
1700,2,0.2587593690943422
1700,3,0.25875970200447473
1700,4,0.25875954207804885
1700,5,0.24738202131604453
1700,6,0.2587594216763011
1700,7,0.25875941132295255
1700,8,0.25875942925285883
1700,9,0.2587593960222469
1700,10,0.2587593690943422
1700,11,0.25115866263447223
1434,0,0.026731233255150397
1434,1,0.02536196875594426
1434,2,0.030471078583176808
1434,3,0.02850643615953219
1434,4,0.024891696484711776
1434,5,0.026129802886709307
1434,6,0.02542783804245586
1434,7,0.02452362843852086
1434,8,0.02354472929183551
1434,9,0.024140831778554805
1434,10,0.024864731694835256
1434,11,0.02667618215194585
6309,0,0.25115866263446723
6309,1,0.2587593690943422
6309,2,0.2587594216763011
6309,3,0.2587593960222469
6309,4,0.2587594216763011
6309,5,0.2587594352770896
6309,6,0.25875941132295255
6309,7,0.2587593960222469
6309,8,0.2587593960222469
6309,9,0.2587593690943422
6309,10,0.25875941132295255
6309,11,0.2587593960222469
6486,0,0.2587593690943422
6486,1,0.2238332180810406
6486,2,0.2587593690943422
6486,3,0.2587594352770896
6486,4,0.25875950508530243
6486,5,0.24681612388806196
6486,6,0.2587593960222469
6486,7,0.25875944031279874
6486,8,0.2587594352770896
6486,9,0.2238332180810406
6486,10,0.0
6486,11,0.2587594216763802
6798,0,0.2587594352770896
6798,1,0.25875941132295255
6798,2,0.2587594527629917
6798,3,0.0
6798,4,0.23860665019952534
6798,5,0.25875950991152463
6798,6,0.2587593690943422
6798,7,0.25115866263447223
6798,8,0.24975481106957984
6798,9,0.25875941132295255
6798,10,0.2587594216763802
6798,11,0.2587594352775018
1467,0,0.029959979851426993
1467,1,0.02777494092463619
1467,2,0.035145561493089485
1467,3,0.03279765240633757
1467,4,0.027511611693633583
1467,5,0.029439981570727115
1467,6,0.02864766719212893
1467,7,0.027624105538321876
1467,8,0.02636629759201858
1467,9,0.026907016920242867
1467,10,0.027958926548630126
1467,11,0.02974729352835024
6385,0,0.2587593960222469
6385,1,0.24975481106957992
6385,2,0.25875942925286716
6385,3,0.24975481106957992
6385,4,0.2587593690943422
6385,5,0.2587593960222469
6385,6,0.25875942925286716
6385,7,0.2587594216763802
6385,8,0.2587593960222469
6385,9,0.25875941132295255
6385,10,0.24975481106957992
6385,11,0.2587593690943422
2023,0,0.2587593960222469
2023,1,0.2587593690943422
2023,2,0.24975481106957992
2023,3,0.25875941132295255
2023,4,0.2587593960222469
2023,5,0.2587593690943422
2023,6,0.24975481106957984
2023,7,0.2587593960222469
2023,8,0.2587594448048623
2023,9,0.24681612388806196
2023,10,0.24975481106957992
2023,11,0.25875942925286716
6459,0,0.2587593960222469
6459,1,0.2587593690943422
6459,2,0.0
6459,3,0.24975481106957992
6459,4,0.25875944887690067
6459,5,0.2587594527629917
6459,6,0.25115866263447223
6459,7,0.2587594352770896
6459,8,0.2587593960222469
6459,9,0.2587593960222469
6459,10,0.2587594216763802
6459,11,0.24975481106957992
1702,0,0.13337474043082054
1702,1,1.0056368307544503
1702,2,2.7126197075583796
1702,3,2.6317663138479452
1702,4,1.3450740389448903
1702,5,0.8681428748533578
1702,6,1.4911259144621976
1702,7,2.178743854651789
1702,8,0.08447066894234867
1702,9,2.064221975233136
1702,10,1.1858968008900732
1702,11,1.8488017458419592
2161,0,0.24738202131604453
2161,1,0.25115866263447223
2161,2,0.2238332180810406
2161,3,0.2587594216763011
2161,4,0.2587594216763802
2161,5,0.2238332180810406
2161,6,0.2587593690943422
2161,7,0.25875944031279874
2161,8,0.23860665019952534
2161,9,0.25875950508530243
2161,10,0.2587594352770896
2161,11,0.2587593690943422
6422,0,0.02433566981853671
6422,1,0.024402094605116876
6422,2,0.02729497106195488
6422,3,0.025744169383628408
6422,4,0.022661023259831155
6422,5,0.023249931350668468
6422,6,0.02209770408639636
6422,7,0.022259510371400892
6422,8,0.021308055562729227
6422,9,0.02176752072239911
6422,10,0.022052983971626777
6422,11,0.023360997353324562
6321,0,0.02287532454935899
6321,1,0.022685945868330757
6321,2,0.02631876245017491
6321,3,0.02465204280189209
6321,4,0.021442981773227177
6321,5,0.0226646179420498
6321,6,0.021690950637671673
6321,7,0.021551586580198994
6321,8,0.02077771546482417
6321,9,0.020958400030591764
6321,10,0.02080745854837122
6321,11,0.02164592772706101
6548,0,0.2587594527631443
6548,1,0.2587594352775018
6548,2,0.0
6548,3,0.25875941132295255
6548,4,0.2587593960222469
6548,5,0.24975481106957992
6548,6,0.2587593960222469
6548,7,0.25875944031279874
6548,8,0.2238332180810406
6548,9,0.2587594352770896
6548,10,0.25115866263446723
6548,11,0.25875941132295255
5428,0,0.25115866263446723
5428,1,0.24975481106957992
5428,2,0.24975481106957992
5428,3,0.2587593960222469
5428,4,0.2587593960222469
5428,5,0.24975481106957984
5428,6,0.2587594216763802
5428,7,0.2587593690943422
5428,8,0.2587593690943422
5428,9,0.0
5428,10,0.24975481106957992
5428,11,0.24975481106957992
3313,0,0.02110775010035311
3313,1,0.02084350379450637
3313,2,0.022984676953838386
3313,3,0.021873140984071855
3313,4,0.019920455779669232
3313,5,0.020577292940089458
3313,6,0.018715112601917053
3313,7,0.018471987757064223
3313,8,0.019781861436934837
3313,9,0.01979195379309593
3313,10,0.018322049763821645
3313,11,0.019374104467536634
6155,0,0.02992226029053954
6155,1,0.02878492457799951
6155,2,0.038410171936987286
6155,3,0.03486226900609872
6155,4,0.02995764765773095
6155,5,0.03086360642024322
6155,6,0.029805271917426324
6155,7,0.029401802943336726
6155,8,0.027206515641624452
6155,9,0.028281590021021284
6155,10,0.031360579239257856
6155,11,0.0330260568954442
6471,0,0.25115866263447223
6471,1,0.2587593960222469
6471,2,0.2587594216763802
6471,3,0.25115866263447223
6471,4,0.2587593960222469
6471,5,0.25115866263447223
6471,6,0.2587593960222469
6471,7,0.24975481106957984
6471,8,0.2587594216763011
6471,9,0.2587593960222469
6471,10,0.24975481106957992
6471,11,0.25115866263446723
6372,0,0.0
6372,1,0.0
6372,2,0.0
6372,3,0.0
6372,4,0.0
6372,5,0.0
6372,6,0.0
6372,7,0.0
6372,8,0.0
6372,9,0.0
6372,10,0.0
6372,11,0.0
6358,0,0.2587595200033795
6358,1,0.2587595603352999
6358,2,0.2587595479980322
6358,3,0.25875953631679627
6358,4,0.2587595941165205
6358,5,0.2587595050853485
6358,6,0.2587593690943422
6358,7,0.25115866263446723
6358,8,0.24975481106957992
6358,9,0.2587593960222469
6358,10,0.2587593690943422
6358,11,0.2587593690943422
6387,0,0.26014525895902707
6387,1,0.2587594958786903
6387,2,0.25875942925285883
6387,3,0.24975481106957984
6387,4,0.25115866263447223
6387,5,0.25875941132295255
6387,6,0.23860665019952534
6387,7,0.2238332180810406
6387,8,0.25875941132295255
6387,9,0.2515501737415054
6387,10,0.24681612388806196
6387,11,0.2587595941165205
1465,0,0.03039793775615193
1465,1,0.028164865146115027
1465,2,0.035109347361675314
1465,3,0.03250913046856626
1465,4,0.027463170166925857
1465,5,0.029679338166124735
1465,6,0.02822253512357988
1465,7,0.027587806477354995
1465,8,0.02612144431563085
1465,9,0.026656976072943112
1465,10,0.027997331956143658
1465,11,0.030083823798693593
6484,0,0.2587593690943422
6484,1,0.25115866263447223
6484,2,0.0
6484,3,0.2587593690943422
6484,4,0.2587593960222469
6484,5,0.25875942925286716
6484,6,0.24975481106957992
6484,7,0.24975481106957984
6484,8,0.25875941132295255
6484,9,0.25875941132295255
6484,10,0.25115866263446723
6484,11,0.24975481106957984
6408,0,0.2587593690943422
6408,1,0.2587593960222469
6408,2,0.24975481106957992
6408,3,0.25115866263447223
6408,4,0.24975481106957992
6408,5,0.2587593690943422
6408,6,0.2587595603353
6408,7,0.25240249396082404
6408,8,0.25875942925285883
6408,9,0.2587594527631443
6408,10,0.2587594488770885
6408,11,0.2587594352775018
6829,0,0.023949005527845246
6829,1,0.023719890678012504
6829,2,0.030946814290904644
6829,3,0.028239872142673744
6829,4,0.022527768542124245
6829,5,0.023746212910411804
6829,6,0.023466497452363958
6829,7,0.022608529454430887
6829,8,0.020779953593614925
6829,9,0.02112555138897191
6829,10,0.022482853331700445
6829,11,0.023503841546427102
1436,0,0.028860809282783444
1436,1,0.02710334311632023
1436,2,0.03317326927248043
1436,3,0.030591081479591296
1436,4,0.026735606320395282
1436,5,0.0280230295995853
1436,6,0.028340810041212326
1436,7,0.02649583953521136
1436,8,0.025550322316423082
1436,9,0.026227990320813525
1436,10,0.026636246917087
1436,11,0.028881965313416247
6485,0,0.2587593960222469
6485,1,0.2587593690943422
6485,2,0.25115866263446723
6485,3,0.25115866263446723
6485,4,0.24975481106957992
6485,5,0.2587593690943422
6485,6,0.2587593960222469
6485,7,0.25875942925285883
6485,8,0.25115866263446723
6485,9,0.2587594488770885
6485,10,0.25875941132295255
6485,11,0.24681612388806196
6098,0,0.25115866263446723
6098,1,0.25115866263446723
6098,2,0.2587594216763802
6098,3,0.25875942925286716
6098,4,0.2587593690943422
6098,5,0.24975481106957984
6098,6,0.2587593690943422
6098,7,0.25115866263447223
6098,8,0.25875942925285883
6098,9,0.2587593690943422
6098,10,0.24975481106957984
6098,11,0.24975481106957984
2976,0,0.25115866263447223
2976,1,0.25115866263446723
2976,2,0.25115866263447223
2976,3,0.25115866263447223
2976,4,0.25115866263446723
2976,5,0.25115866263447223
2976,6,0.24975481106957984
2976,7,0.25875941132295255
2976,8,0.2587593690943422
2976,9,0.2587594216763011
2976,10,0.2587593690943422
2976,11,0.2587594216763802
5174,0,0.025253240254855005
5174,1,0.025002743037022487
5174,2,0.027013272706777797
5174,3,0.02535295420884369
5174,4,0.023253532620125614
5174,5,0.023638545208185
5174,6,0.02176282397990204
5174,7,0.021675111466981353
5174,8,0.02228820520841214
5174,9,0.022521885613115133
5174,10,0.021011783347722687
5174,11,0.0223380245033468
6828,0,0.0238214504193815
6828,1,0.023171735628334578
6828,2,0.029469903519016707
6828,3,0.027352857629964217
6828,4,0.02224816601618091
6828,5,0.02303174959295571
6828,6,0.022851260582221977
6828,7,0.02271815707983022
6828,8,0.02049752523539789
6828,9,0.021059908803940076
6828,10,0.02246233613621255
6828,11,0.02323517856903449
2770,0,0.25115866263446723
2770,1,0.25875941132295255
2770,2,0.2587593960222469
2770,3,0.25875944031279874
2770,4,0.25115866263446723
2770,5,0.25875941132295255
2770,6,0.2587594216763011
2770,7,0.2587593960222469
2770,8,0.25115866263447223
2770,9,0.2587593690943422
2770,10,0.24975481106957992
2770,11,0.2587593960222469
6409,0,0.2587594216763802
6409,1,0.25875941132295255
6409,2,0.2587594352775018
6409,3,0.25875942925285883
6409,4,0.25115866263447223
6409,5,0.24975481106957992
6409,6,0.2587593690943422
6409,7,0.258759440313116
6409,8,0.24975481106957984
6409,9,0.2587594352770896
6409,10,0.2587594352775018
6409,11,0.24975481106957992
2195,0,0.2587593690943422
2195,1,0.2587593690943422
2195,2,0.25875941132295255
2195,3,0.25115866263446723
2195,4,0.2587593960222469
2195,5,0.24975481106957984
2195,6,0.2587593960222469
2195,7,0.2587593690943422
2195,8,0.25115866263446723
2195,9,0.24975481106957984
2195,10,0.2587593690943422
2195,11,0.2587593960222469
6107,0,0.25115866263446723
6107,1,0.25115866263446723
6107,2,0.258759440313116
6107,3,0.2587594352770896
6107,4,0.25115866263447223
6107,5,0.24975481106957992
6107,6,0.24975481106957984
6107,7,0.25875944887690067
6107,8,0.2587594352775018
6107,9,0.25115866263447223
6107,10,0.25875942925285883
6107,11,0.24975481106957992
6373,0,0.25115866263447223
6373,1,0.2587593690943422
6373,2,0.24975481106957992
6373,3,0.2587593960222469
6373,4,0.25875941132295255
6373,5,0.2587594216763802
6373,6,0.25685717513714257
6373,7,0.0
6373,8,0.25875944480497265
6373,9,0.25875942925285883
6373,10,0.25115866263446723
6373,11,0.25685717513714257
6470,0,0.0
6470,1,0.0
6470,2,0.0
6470,3,0.0
6470,4,0.0
6470,5,0.0
6470,6,0.0
6470,7,0.0
6470,8,0.0
6470,9,0.0
6470,10,0.0
6470,11,0.0
2133,0,0.2587593960222469
2133,1,0.2587593960222469
2133,2,0.2587593960222469
2133,3,0.25875941132295255
2133,4,0.24975481106957992
2133,5,0.25115866263447223
2133,6,0.25115866263446723
2133,7,0.2587593690943422
2133,8,0.25115866263446723
2133,9,0.2587593960222469
2133,10,0.25115866263447223
2133,11,0.2587593960222469
6154,0,0.030069750479951
6154,1,0.02936152830392358
6154,2,0.03857968070096238
6154,3,0.0349151837670878
