run,run_type,status,source,cached_segments,catalog_segments,missing_catalog_segments,same_saved_files,trigger,prescale_factor,events,D,E,S,N,A,saved_NewGen,old_same_cache,matched_raw,matched_tight,CLT_all,CLT_physics,L1_over_input,closure_exclusion_EDTM,closure_exclusion_CLT,closure_suspect_intervals,EDTM_boundary_delta,EDTM_width10_delta,EDTM_stable_delta,EDTM_block20_sigma,current_low_min,current_high_max,raw_peak_channels,corrected_peak_ns,flags
4253,production,CALCULATED,updated,0;2,0;1;2,1,True,6,1,751629,81892.0,81874,715946.0,715780,715779.0,1.00039076,1.0003907585600547,0.9998778879499829,0.9997801983099692,0.9997681389378529,0.9997665813952755,0.9997667421844664,0.9997801983099692,0.9997665813952755,0,-1.2211205001722014e-05,3.663361500516604e-05,-1.3504628886717995e-05,9.609123680282023e-05,33.7875,45.7125,2025.0,245.11508,multiple_coverage_components;partial_catalog_coverage
4254,production,CALCULATED,updated,0;1;2,0;1;2,,True,6,1,1131990,125376.0,125312,1086848.0,1086464,1086464.0,1.00039931,1.0003993099923332,0.999649055640633,0.9994895354772844,0.999646684725003,0.999667176995274,0.999646684725003,0.9994895354772844,0.999667176995274,0,0.0,4.785604900459095e-05,-2.409414473381055e-06,0.00011273364661324734,33.7875,45.7125,2025.0,245.11508,
4255,production,CALCULATED,updated,0,0,,True,6,1,126977,36899.0,36896,111547.0,111542,111542.0,1.0,1.0,1.0,0.9999186969836581,0.9999551758451595,0.9999732075876112,0.9999551758451595,0.9999186969836581,0.9999732075876112,0,-2.7101005447338622e-05,2.7101005447338622e-05,-7.112541411391504e-07,0.00010141561003401651,16.787499999999998,22.7125,2025.0,245.11508,
4256,production,CALCULATED,updated,0,0,,True,6,1,185308,108861.0,108856,176633.0,176624,176624.0,0.99998163,0.9999816279475662,0.9999724419213493,0.9999540698689154,0.999949046893842,0.9999409785752228,0.999949046893842,0.9999540698689154,0.9999409785752228,0,0.0,0.0,-1.6938855840198386e-07,3.664454500767263e-05,8.7125,11.7875,2025.0,245.11508,
4257,efficiency,CALCULATED,updated,0,0,,False,4,1,638056,45020.0,44991,603049.0,602691,602692.0,,0.9997334517992004,0.9994224788982674,0.9993558418480675,0.9994063500644226,0.9994104249062324,0.9994080083044662,0.9993558418480675,0.9994104249062324,0,2.221235006671929e-05,0.0,-3.0378104391215466e-05,0.0001717609586854257,16.787499999999998,22.7125,1775.0,245.21274,coverage_differs_from_saved
4258,efficiency,CALCULATED,updated,0;1,0;1,,False,3,1,902914,46098.0,46077,890560.0,890268,890268.0,,1.002607675257508,0.9996095275283092,0.9995444487830275,0.9996721164211283,0.9996790856190095,0.9996721164211283,0.9995444487830275,0.9996790856190095,0,0.0,2.169291509390714e-05,-7.919530914390904e-07,0.00010964040169837297,16.787499999999998,22.7125,1775.0,245.21274,coverage_differs_from_saved
4259,production,CALCULATED,updated,0,0,,True,6,5,58600,32181.0,6632,281210.0,56200,56200.0,1.03197539,1.0319753892048102,1.0304216773872783,1.0304216773872783,0.9992532271256357,0.9952254556698216,0.9992532271256357,1.0304216773872783,0.9952254556698216,0,0.00015537118175301678,0.0,-0.001221177699583187,0.011462491850585508,33.7875,45.7125,2005.0,245.21274,EDTM_above_one;prescale_sampling_conditional
4300,production,CALCULATED,updated,0;1;2;3;5,0;1;2;3;4;5,4,True,4,1,2681816,96212.0,96088,2459397.0,2456317,2456316.0,0.99884534,0.9988453376607165,0.9988151166174698,0.9987111794786513,0.9987476605037738,0.9987491457503327,0.9987472539000414,0.9987111794786513,0.9987491457503327,0,3.1181141645575394e-05,1.0393713881895472e-05,-2.5530084304059564e-05,0.0002642051967820884,32.9375,45.137499999999996,1755.0,245.11508,multiple_coverage_components;partial_catalog_coverage
4301,production,CALCULATED,updated,0;1;2;3;4;5,0;1;2;3;4;5,,True,4,1,3032228,110761.0,110659,2833354.0,2830773,2830773.0,0.9976526,0.9976526033531659,0.9991332689303997,0.9990790982385497,0.999089065467993,0.9990894709565477,0.999089065467993,0.9990790982385497,0.9990894709565477,0,2.708534592499312e-05,2.708534592499312e-05,-1.0077957795395776e-05,0.0001353307408546036,32.9375,45.137499999999996,1765.0,245.11508,
4302,production,CALCULATED,updated,0;1;2;3;4;5;6;7,0;1;2;3;4;5;6;7,,True,4,1,3697226,142261.0,142142,3643992.0,3641129,3641129.0,1.00165841,1.0016584099024715,0.999283007992352,0.9991635093244108,0.9992143231928061,0.9992163875523277,0.9992143231928061,0.9991635093244108,0.9992163875523277,0,0.0,3.514666704151903e-05,-1.4135780070922976e-06,9.912309395856817e-05,32.9375,45.137499999999996,1765.0,245.11508,
4303,production,CALCULATED,updated,0;1;2;3;4;5;6,0;1;2;3;4;5;6,,True,4,1,3310432,123828.0,123801,3156606.0,3155821,3153907.0,0.99766461,0.997664608720949,0.9998627127951675,0.9997819556158543,0.999751315178391,0.9997500641326204,0.9991449677279964,0.9991520427693475,0.999145337472995,1,8.075717931266269e-06,1.615143586264356e-05,6.4610080888760635e-06,0.0006587239668865309,32.9375,44.5625,1765.0,245.11508,recorded_exceeds_L1_interval
4304,production,CALCULATED,updated,0;1,0;1,,True,4,1,910682,46185.0,46145,898822.0,898084,898084.0,0.99917579,0.999175794382388,0.9991555699902566,0.9991339179387247,0.9991789253044541,0.9991813632296042,0.9991789253044541,0.9991339179387247,0.9991813632296042,0,0.0,0.0,2.0168474601622854e-05,0.00024765195440627384,24.8625,33.637499999999996,1755.0,245.11508,
4305,production,CALCULATED,updated,0,0,,True,4,1,560647,40066.0,40128,537954.0,538811,537765.0,1.0016972,1.0016971996206259,1.0016472819847253,1.0015474467129237,1.0015930730136777,1.001596744649399,0.9996486688452916,0.9995507412768931,0.9996585563763593,1,2.4958817950393453e-05,0.0,-1.586089390204215e-05,0.002057831652850243,16.3625,22.1375,1775.0,245.11508,EDTM_above_one;CLT_above_one;recorded_exceeds_L1_interval
4306,production,CALCULATED,updated,0,0,,True,4,1,693344,94940.0,94926,687782.0,687662,687662.0,0.99988414,0.9998841373499052,0.9998736043817148,0.999852538445334,0.9998255261114714,0.9998212002523438,0.9998255261114714,0.999852538445334,0.9998212002523438,0,1.0532968190424263e-05,1.0532968190424263e-05,-2.4893277861259833e-07,8.899418380943242e-05,8.2875,11.212499999999999,1755.0,245.11508,
4307,junk,NO_CACHED_FILES,none,,,,True,,,,,,,,,,,,,,,,,,,,,,,,,,,
4308,production,CALCULATED,updated,0;1;2;3;4;5,0;1;2;3;4;5,,True,4,2,436491,33569.0,16707,857186.0,427262,427262.0,1.00232144,1.0023214447224817,0.9954422234799964,0.9953826447019571,0.9968944896440213,0.9969561094537874,0.9968944896440213,0.9953826447019571,0.9969561094537874,0,0.0,0.0,-0.0004887989615647292,0.005084443239517343,32.512499999999996,44.5625,1765.0,245.11508,prescale_sampling_conditional
4349,production,CALCULATED,production,0;1;2;3;4;5,0;1;2;3;4;5,,True,4,1,3214736,113855.0,113777,2928641.0,2926821,2926820.0,0.99975407,0.999754073163234,0.9993676167054587,0.9993149180975802,0.9993785513485607,0.9993811252436242,0.9993782098932577,0.9993149180975802,0.9993811252436242,0,8.783101313136754e-06,8.783101313136754e-06,9.316108617318797e-06,8.107184629445256e-05,32.9375,45.137499999999996,1755.0,245.11508,
4350,production,CALCULATED,production,0;1;2;3;4;5,0;1;2;3;4;5,,True,4,1,3050355,105819.0,105712,2724658.0,2722281,2722279.0,1.00132499,1.0013249921920102,0.9990927905196609,0.9989888394333721,0.9991275969314314,0.9991332036830061,0.9991268628943523,0.9989888394333721,0.9991332036830061,0,9.450098753527314e-06,5.6700592521163884e-05,0.00010343341985319388,0.00016490128200675615,32.9375,45.7125,1765.0,245.11508,multiple_coverage_components;cross_segment_counter_or_clock_restart;scaler_jump_or_clock_anomaly
4351,production,CALCULATED,updated,0;1;2;3;4;5;7,0;1;2;3;4;5;6;7,6,True,4,1,3262156,120874.0,120745,3118847.0,3116001,3116001.0,0.99856876,0.9985687575491834,0.9990485960587058,0.9989327729702003,0.9990874832911009,0.9990937209908162,0.9990874832911009,0.9989327729702003,0.9990937209908162,0,8.273077750420299e-06,1.6546155500840598e-05,7.025663948390104e-07,0.00014257864582176697,33.3625,45.137499999999996,1755.0,245.11508,multiple_coverage_components;partial_catalog_coverage
4352,production,CALCULATED,updated,7,0;1;2;3;4;5;6;7,0;1;2;3;4;5;6,True,4,1,88231,3390.0,3383,87380.0,87263,87263.0,0.9979351,0.9979351032448378,0.9979351032448378,0.9979351032448378,0.9986610208285649,0.9986903202762234,0.9986610208285649,0.9979351032448378,0.9986903202762234,0,0.0,0.0,0.0,0.0004775440407631535,33.3625,45.137499999999996,1735.0,245.11508,missing_start_segment;partial_catalog_coverage
4353,production,CALCULATED,production,0;1,0;1,,True,4,1,1020313,50219.0,50196,988794.0,988335,988335.0,1.00091745,1.0009174494904167,0.9996614827057488,0.9995420060136602,0.999535798154115,0.9995354659989878,0.999535798154115,0.9995420060136602,0.9995354659989878,0,0.0,0.0,-2.199294838245436e-06,9.567323568992403e-05,24.8625,33.637499999999996,1755.0,245.11508,
4354,production,CALCULATED,updated,1,0;1,0,True,4,1,98101,7180.0,7179,97759.0,97723,97723.0,0.99986072,0.9998607242339833,0.9998607242339833,0.9998607242339833,0.9996317474605919,0.9996135969706003,0.9996317474605919,0.9998607242339833,0.9996135969706003,0,0.0,0.0,0.0,0.00012884367396867735,16.787499999999998,22.7125,1755.0,245.11508,missing_start_segment;partial_catalog_coverage
4355,production,CALCULATED,production,0,0,,True,4,1,731444,98039.0,98019,716908.0,716791,716791.0,0.9998164,0.9998163995960792,0.9998163995960792,0.999795999551199,0.9998367991429863,0.9998432624675012,0.9998367991429863,0.999795999551199,0.9998432624675012,0,1.020002244001006e-05,1.020002244001006e-05,-3.1361086984205144e-05,8.573327379122208e-05,8.2875,11.212499999999999,1775.0,245.11508,
4356,production,CALCULATED,updated,1;3;4;5;6,0;1;2;3;4;5;6,0;2,True,4,2,324478,24319.0,12093,626840.0,312198,312198.0,0.99829727,0.9982972714813738,0.9946132653480817,0.9945310251243883,0.9961010784251164,0.9961644490399505,0.9961010784251164,0.9945310251243883,0.9961644490399505,0,8.224022369340833e-05,0.0,-0.00045014429322809413,0.005681179701175518,33.3625,45.137499999999996,1745.0,245.11508,multiple_coverage_components;missing_start_segment;prescale_sampling_conditional;partial_catalog_coverage
4397,production,CALCULATED,production,0;1;2;3;4;5;6,0;1;2;3;4;5;6,,True,4,1,3495145,132280.0,132190,3409079.0,3406754,3406754.0,1.00087975,1.0008797542755299,0.9993801028122166,0.9993196250377986,0.9993179976175384,0.9993179319207556,0.9993179976175384,0.9993196250377986,0.9993179319207556,0,7.559721802219421e-06,1.5119443604549865e-05,-2.0636183263311736e-06,8.688008688162152e-05,33.3625,45.137499999999996,1755.0,245.11508,
4398,production,CALCULATED,updated,0;1;2;3;4;5,0;1;2;3;4;5,,False,4,1,3222394,112746.0,112650,2895694.0,2893284,2893284.0,1.00160539,0.9985808809181701,0.9992194845049935,0.9991485285509021,0.9991677297393993,0.9991685076400997,0.9991677297393993,0.9991485285509021,0.9991685076400997,0,1.773898852286404e-05,1.773898852286404e-05,-1.2832785992844542e-05,0.00012766503681036393,33.3625,45.137499999999996,1765.0,245.11508,coverage_differs_from_saved
4399,production,CALCULATED,production,0;1;2;3;4;5;6,0;1;2;3;4;5;6,,True,4,1,3450881,131041.0,130930,3379960.0,3377164,3377164.0,1.00130973,1.001309732615406,0.9992368800604391,0.9991529368670874,0.9991727712753997,0.9991735712709365,0.9991727712753997,0.9991529368670874,0.9991735712709365,0,0.0,1.526239879123814e-05,-2.073578097894213e-06,0.0001086899560150423,33.3625,45.137499999999996,1765.0,245.11508,
4400,production,CALCULATED,production,0;1;2;3;4;5;6,0;1;2;3;4;5;6,,True,4,1,3569579,136652.0,136541,3519546.0,3516747,3516747.0,1.00212966,1.0021296595482185,0.9992901677253169,0.9991877177062904,0.9992047269733085,0.999205414062634,0.9992047269733085,0.9991877177062904,0.999205414062634,0,0.0,2.92714340075495e-05,-9.879318080274757e-07,9.301767303670492e-05,33.3625,45.137499999999996,1765.0,245.11508,
4401,production,CALCULATED,production,0;1,0;1,,True,4,1,776164,35775.0,35755,702992.0,702658,702658.0,0.99767994,0.9976799440950385,0.9994689028651292,0.9994409503843467,0.999524887907686,0.9995293884898017,0.999524887907686,0.9994409503843467,0.9995293884898017,0,8.385744234795656e-05,2.795248078257817e-05,-1.0183342935010664e-05,0.00014575460108428743,25.287499999999998,34.2125,1765.0,245.11508,
4402,production,CALCULATED,production,0,0,,True,4,1,808720,56740.0,56714,766755.0,766483,766483.0,0.99821995,0.9982199506520972,0.999629890729644,0.9995417694747973,0.9996452582637217,0.9996535284465821,0.9996452582637217,0.9995417694747973,0.9996535284465821,0,1.7624250969294764e-05,3.524850193870055e-05,1.3224384117882515e-05,0.00010132164497359352,16.787499999999998,22.7125,1765.0,245.11508,
4403,production,CALCULATED,production,0,0,,True,4,1,658026,87709.0,87691,642577.0,642405,642407.0,0.99985178,0.9998517825992772,0.9998175785837258,0.9997947759066914,0.9997323277988475,0.9997224565121795,0.9997354402663027,0.9997947759066914,0.9997224565121795,0,-2.280267703425043e-05,0.0,-2.383424785090682e-05,0.00012439536636827054,8.7125,11.7875,1755.0,245.11508,
4404,production,CALCULATED,production,0;1;2;3;4;5,0;1;2;3;4;5,,True,4,2,466141,36232.0,17990,935793.0,466140,466140.0,0.99891162,0.998911617782491,0.9930448222565688,0.9930448222565688,0.9962459646524392,0.996374898422675,0.9962459646524392,0.9930448222565688,0.996374898422675,0,0.0,0.0,0.0,0.005406275751565873,33.3625,45.137499999999996,1755.0,245.11508,prescale_sampling_conditional
4483,junk,CALCULATED,updated,1,0;1,0,False,4,1,184942,5006.0,5001,128792.0,128688,128688.0,,1.0103875349580504,0.9994007191370355,0.999001198561726,0.9991924964283496,0.9992002326595899,0.9991924964283496,0.999001198561726,0.9992002326595899,0,0.00019976028765478215,0.0,0.00036589004586895513,0.0003565149901091347,33.7875,45.7125,1755.0,245.21274,missing_start_segment;coverage_differs_from_saved;partial_catalog_coverage
4484,production,CALCULATED,production,0;1;2;3;4;5;6,0;1;2;3;4;5;6,,True,4,1,3480951,127162.0,127016,3287350.0,3284053,3284053.0,1.00052066,1.0005206648732654,0.9989619540428745,0.9988518582595429,0.9989970645048444,0.9990029074219635,0.9989970645048444,0.9988518582595429,0.9990029074219635,0,1.5727969047363288e-05,7.863984523681644e-06,-3.2762709267775136e-07,0.00016165133300670746,33.7875,45.7125,1765.0,245.21274,
4485,production,CALCULATED,production,0;1;2;3;4;5,0;1;2;3;4;5,,True,4,1,3211090,116544.0,116401,3006045.0,3002547,3002548.0,1.00052449,1.0005244875498693,0.9988244783086216,0.9987729956068094,0.9988363447652979,0.9988388998654093,0.9988366774283153,0.9987729956068094,0.9988388998654093,0,-8.580450302053677e-06,1.7160900604107354e-05,-1.6937867156174846e-05,0.00022706435087097075,33.7875,45.7125,1765.0,245.21274,
4486,junk,NO_CACHED_FILES,none,,,,True,,,,,,,,,,,,,,,,,,,,,,,,,,,
4487,production,CALCULATED,production,0;1;2,0;1;2,,True,4,1,1435976,51078.0,51029,1320505.0,1319216,1319216.0,0.9983163,0.9983163005599279,0.9990994165785662,0.9990406828771683,0.9990238582966365,0.9990231813251176,0.9990238582966365,0.9990406828771683,0.9990231813251176,0,1.9577900465916898e-05,3.9155800931833795e-05,-2.927452950041154e-05,0.00019162603204677075,33.7875,45.7125,1755.0,245.21274,
4488,production,CALCULATED,updated,4,0;1;2;3;4;5,0;1;2;3;5,True,4,1,565010,19817.0,19795,508217.0,507822,507822.0,1.00100923,1.0010092344956352,0.9990412272291467,0.9988898420548015,0.9992227729493504,0.9992362817362818,0.9992227729493504,0.9988898420548015,0.9992362817362818,0,5.046172478173627e-05,0.0,-1.5622425285521935e-05,0.0002690849646881863,33.7875,45.7125,1755.0,245.21274,missing_start_segment;partial_catalog_coverage
4489,production,CALCULATED,production,0;1;2;3;4;5;6,0;1;2;3;4;5;6,,True,4,1,3366490,125230.0,125109,3234411.0,3231638,3231639.0,0.99947196,0.9994719577566206,0.999129601533179,0.9990337778487582,0.9991426568855968,0.9991470422596819,0.9991429660608995,0.9990337778487582,0.9991470422596819,0,0.0,7.98530703505218e-06,-5.5873419716467865e-06,0.00017188245843247882,33.7875,45.7125,1755.0,245.21274,
4490,production,CALCULATED,updated,1,0;1,0,True,4,1,96430,4854.0,4853,95309.0,95261,95261.0,0.99979398,0.9997939843428101,0.9997939843428101,0.9997939843428101,0.9994963749488506,0.9994804046210823,0.9994963749488506,0.9997939843428101,0.9994804046210823,0,0.00020601565718991743,0.0,-3.4522942135017942e-06,0.0002149162446881137,25.287499999999998,34.2125,1785.0,245.21274,missing_start_segment;partial_catalog_coverage
4491,production,CALCULATED,production,0,0,,True,4,1,766430,52926.0,52914,723200.0,723004,723004.0,0.99839398,0.9983939840532063,0.999811056947436,0.9997732683369233,0.9997289823008849,0.9997254853985087,0.9997289823008849,0.9997732683369233,0.9997254853985087,0,0.0,1.889430525636726e-05,-2.1137614479638245e-05,9.451319897723674e-05,17.2125,23.287499999999998,1745.0,245.21274,
4492,production,CALCULATED,production,0,0,,True,4,1,650271,84526.0,84521,624760.0,624663,624663.0,0.99995268,0.9999526772827296,0.9999526772827296,0.999940846603412,0.999844740380306,0.9998297034248123,0.999844740380306,0.999940846603412,0.9998297034248123,0,0.0,0.0,1.1423547533695455e-05,7.89857084104065e-05,8.7125,11.7875,1755.0,245.21274,
4493,production,CALCULATED,production,0;1;2;3;4;5,0;1;2;3;4;5,,True,4,2,455237,32058.0,15914,831619.0,414968,414968.0,0.9852143,0.9852142990829122,0.9928255037744089,0.9928255037744089,0.9979762367141684,0.9981827527855911,0.9979762367141684,0.9928255037744089,0.9981827527855911,0,0.0,0.0,0.0012693593915064083,0.0049074769172199,33.7875,46.287499999999994,1765.0,245.21274,prescale_sampling_conditional
4551,production,CALCULATED,production,0;1;2;3;4;5,0;1;2;3;4;5,,True,4,1,3402200,123925.0,123826,3174997.0,3172747,3172747.0,0.9995637,0.9995636963003062,0.999273754286867,0.9992011297155537,0.9992913379130752,0.999295001887861,0.9992913379130752,0.9992011297155537,0.999295001887861,0,0.0,1.613879362516446e-05,-1.5641049478931635e-05,9.663295883985259e-05,33.3625,45.137499999999996,1755.0,245.21274,
4552,junk,NO_CACHED_FILES,none,,0,0,True,,,,,,,,,,,,,,,,,,,,,,,,,,,
4553,junk,NO_CACHED_FILES,none,,,,True,,,,,,,,,,,,,,,,,,,,,,,,,,,
4554,junk,NO_CACHED_FILES,none,,,,True,,,,,,,,,,,,,,,,,,,,,,,,,,,
4555,production,CALCULATED,production,0;1;2;3;4;5,0;1;2;3;4;5,,True,4,1,3145849,112270.0,112160,2872882.0,2870134,2870134.0,0.99952725,0.9995272542391023,0.9991003830052552,0.9990202191146343,0.9990434692409922,0.9990444147891844,0.9990434692409922,0.9990202191146343,0.9990444147891844,0,0.0,4.453549478933283e-05,-1.9337010546016664e-05,0.00014293428304520077,33.3625,45.137499999999996,1755.0,245.21274,
4556,production,CALCULATED,production,0;1,0;1,,True,4,1,911726,45905.0,45869,898455.0,897779,897779.0,1.00270595,1.0027059465357337,0.9992811240605598,0.9992157717024289,0.9992475972641924,0.9992493108908569,0.9992475972641924,0.9992157717024289,0.9992493108908569,0,0.0,0.0,-1.369083771018964e-06,0.0001943771632254867,24.8625,33.637499999999996,1755.0,245.21274,
4557,production,CALCULATED,production,0,0,,True,4,1,686454,91935.0,91928,668843.0,668719,668719.0,0.99993474,0.9999347364986132,0.9999347364986132,0.999923859248382,0.9998146052212552,0.9997971947000215,0.9998146052212552,0.999923859248382,0.9997971947000215,0,-3.263175069345703e-05,0.0,-1.1180240348518389e-05,7.410991892201481e-05,8.2875,11.212499999999999,1765.0,245.21274,
4558,production,CALCULATED,production,0;1;2;3;4;5,0;1;2;3;4;5,,True,4,2,440866,32969.0,16466,842163.0,419911,419911.0,0.99844555,0.9984455484775518,0.9989990597227699,0.9988777336285601,0.9972202530863977,0.9971527223385245,0.9972202530863977,0.9988777336285601,0.9971527223385245,0,0.0,6.066304710483639e-05,4.7624841150284425e-05,0.00564616128787269,32.9375,45.137499999999996,1765.0,245.21274,prescale_sampling_conditional
