run,segment,stored_prescales,set_flag,read_flag,required_flag,agrees_with_metadata,evidence_state
4259,0,-1/-1/-1/-1/-1/5/0/0/0/0/0/0,0,0,0,True,populated_agrees
4254,0,-1/-1/-1/-1/-1/1/0/0/0/0/0/0,0,0,0,True,populated_agrees
4254,1,0/0/0/0/0/0/0/0/0/0/0/0,0,0,0,False,empty_placeholder
4254,2,0/0/0/0/0/0/0/0/0/0/0/0,0,0,0,False,empty_placeholder
4257,0,-1/-1/-1/1/-1/-1/0/0/0/0/0/0,0,0,0,True,populated_agrees
4302,0,-1/-1/-1/1/-1/-1/0/0/0/0/0/0,0,0,0,True,populated_agrees
4302,1,0/0/0/0/0/0/0/0/0/0/0/0,0,0,0,False,empty_placeholder
4302,2,0/0/0/0/0/0/0/0/0/0/0/0,0,0,0,False,empty_placeholder
4302,3,0/0/0/0/0/0/0/0/0/0/0/0,0,0,0,False,empty_placeholder
4302,4,0/0/0/0/0/0/0/0/0/0/0/0,0,0,0,False,empty_placeholder
4302,5,0/0/0/0/0/0/0/0/0/0/0/0,0,0,0,False,empty_placeholder
4302,6,0/0/0/0/0/0/0/0/0/0/0/0,0,0,0,False,empty_placeholder
4302,7,0/0/0/0/0/0/0/0/0/0/0/0,0,0,0,False,empty_placeholder
4305,0,-1/-1/-1/1/-1/-1/0/0/0/0/0/0,0,0,0,True,populated_agrees
4308,0,-1/-1/-1/2/-1/-1/0/0/0/0/0/0,0,0,0,True,populated_agrees
4308,1,0/0/0/0/0/0/0/0/0/0/0/0,0,0,0,False,empty_placeholder
4308,2,0/0/0/0/0/0/0/0/0/0/0/0,0,0,0,False,empty_placeholder
4308,3,0/0/0/0/0/0/0/0/0/0/0/0,0,0,0,False,empty_placeholder
4308,4,0/0/0/0/0/0/0/0/0/0/0/0,0,0,0,False,empty_placeholder
4308,5,0/0/0/0/0/0/0/0/0/0/0/0,0,0,0,False,empty_placeholder
4350,0,-1/-1/-1/1/-1/-1/0/0/0/0/0/0,0,0,0,True,populated_agrees
4350,1,0/0/0/0/0/0/0/0/0/0/0/0,0,0,0,False,empty_placeholder
4350,2,0/0/0/0/0/0/0/0/0/0/0/0,0,0,0,False,empty_placeholder
4350,3,0/0/0/0/0/0/0/0/0/0/0/0,0,0,0,False,empty_placeholder
4350,4,0/0/0/0/0/0/0/0/0/0/0/0,0,0,0,False,empty_placeholder
4350,5,0/0/0/0/0/0/0/0/0/0/0/0,0,0,0,False,empty_placeholder
4353,0,-1/-1/-1/1/-1/-1/0/0/0/0/0/0,0,0,0,True,populated_agrees
4353,1,0/0/0/0/0/0/0/0/0/0/0/0,0,0,0,False,empty_placeholder
4356,1,0/0/0/0/0/0/0/0/0/0/0/0,0,0,0,False,empty_placeholder
4356,3,0/0/0/0/0/0/0/0/0/0/0/0,0,0,0,False,empty_placeholder
4356,4,0/0/0/0/0/0/0/0/0/0/0/0,0,0,0,False,empty_placeholder
4356,5,0/0/0/0/0/0/0/0/0/0/0/0,0,0,0,False,empty_placeholder
4356,6,0/0/0/0/0/0/0/0/0/0/0/0,0,0,0,False,empty_placeholder
4398,0,-1/-1/-1/1/-1/-1/0/0/0/0/0/0,0,0,0,True,populated_agrees
4398,1,0/0/0/0/0/0/0/0/0/0/0/0,0,0,0,False,empty_placeholder
4398,2,0/0/0/0/0/0/0/0/0/0/0/0,0,0,0,False,empty_placeholder
4398,3,0/0/0/0/0/0/0/0/0/0/0/0,0,0,0,False,empty_placeholder
4398,4,0/0/0/0/0/0/0/0/0/0/0/0,0,0,0,False,empty_placeholder
4398,5,0/0/0/0/0/0/0/0/0/0/0/0,0,0,0,False,empty_placeholder
4401,0,-1/-1/-1/1/-1/-1/0/0/0/0/0/0,0,0,0,True,populated_agrees
4401,1,0/0/0/0/0/0/0/0/0/0/0/0,0,0,0,False,empty_placeholder
4404,0,-1/-1/-1/2/-1/-1/0/0/0/0/0/0,0,0,0,True,populated_agrees
4404,1,0/0/0/0/0/0/0/0/0/0/0/0,0,0,0,False,empty_placeholder
4404,2,0/0/0/0/0/0/0/0/0/0/0/0,0,0,0,False,empty_placeholder
4404,3,0/0/0/0/0/0/0/0/0/0/0/0,0,0,0,False,empty_placeholder
4404,4,0/0/0/0/0/0/0/0/0/0/0/0,0,0,0,False,empty_placeholder
4404,5,0/0/0/0/0/0/0/0/0/0/0/0,0,0,0,False,empty_placeholder
4485,0,-1/-1/-1/1/-1/-1/0/0/0/0/0/0,0,0,0,True,populated_agrees
4485,1,0/0/0/0/0/0/0/0/0/0/0/0,0,0,0,False,empty_placeholder
4485,2,0/0/0/0/0/0/0/0/0/0/0/0,0,0,0,False,empty_placeholder
4485,3,0/0/0/0/0/0/0/0/0/0/0/0,0,0,0,False,empty_placeholder
4485,4,0/0/0/0/0/0/0/0/0/0/0/0,0,0,0,False,empty_placeholder
4485,5,0/0/0/0/0/0/0/0/0/0/0/0,0,0,0,False,empty_placeholder
4488,4,0/0/0/0/0/0/0/0/0/0/0/0,0,0,0,False,empty_placeholder
4491,0,-1/-1/-1/1/-1/-1/0/0/0/0/0/0,0,0,0,True,populated_agrees
4551,0,-1/-1/-1/1/-1/-1/0/0/0/0/0/0,0,0,0,True,populated_agrees
4551,1,0/0/0/0/0/0/0/0/0/0/0/0,0,0,0,False,empty_placeholder
4551,2,0/0/0/0/0/0/0/0/0/0/0/0,0,0,0,False,empty_placeholder
4551,3,0/0/0/0/0/0/0/0/0/0/0/0,0,0,0,False,empty_placeholder
4551,4,0/0/0/0/0/0/0/0/0/0/0/0,0,0,0,False,empty_placeholder
4551,5,0/0/0/0/0/0/0/0/0/0/0/0,0,0,0,False,empty_placeholder
4557,0,-1/-1/-1/1/-1/-1/0/0/0/0/0/0,0,0,0,True,populated_agrees
4255,0,-1/-1/-1/-1/-1/1/0/0/0/0/0/0,0,0,0,True,populated_agrees
4258,0,-1/-1/1/-1/-1/-1/0/0/0/0/0/0,0,0,0,True,populated_agrees
4258,1,0/0/0/0/0/0/0/0/0/0/0/0,0,0,0,False,empty_placeholder
4300,0,-1/-1/-1/1/-1/-1/0/0/0/0/0/0,0,0,0,True,populated_agrees
4300,1,0/0/0/0/0/0/0/0/0/0/0/0,0,0,0,False,empty_placeholder
4300,2,0/0/0/0/0/0/0/0/0/0/0/0,0,0,0,False,empty_placeholder
4300,3,0/0/0/0/0/0/0/0/0/0/0/0,0,0,0,False,empty_placeholder
4300,5,0/0/0/0/0/0/0/0/0/0/0/0,0,0,0,False,empty_placeholder
4303,0,-1/-1/-1/1/-1/-1/0/0/0/0/0/0,0,0,0,True,populated_agrees
4303,1,0/0/0/0/0/0/0/0/0/0/0/0,0,0,0,False,empty_placeholder
4303,2,0/0/0/0/0/0/0/0/0/0/0/0,0,0,0,False,empty_placeholder
4303,3,0/0/0/0/0/0/0/0/0/0/0/0,0,0,0,False,empty_placeholder
4303,4,0/0/0/0/0/0/0/0/0/0/0/0,0,0,0,False,empty_placeholder
4303,5,0/0/0/0/0/0/0/0/0/0/0/0,0,0,0,False,empty_placeholder
4303,6,0/0/0/0/0/0/0/0/0/0/0/0,0,0,0,False,empty_placeholder
4306,0,-1/-1/-1/1/-1/-1/0/0/0/0/0/0,0,0,0,True,populated_agrees
4351,0,-1/-1/-1/1/-1/-1/0/0/0/0/0/0,0,0,0,True,populated_agrees
4351,1,0/0/0/0/0/0/0/0/0/0/0/0,0,0,0,False,empty_placeholder
4351,2,0/0/0/0/0/0/0/0/0/0/0/0,0,0,0,False,empty_placeholder
4351,3,0/0/0/0/0/0/0/0/0/0/0/0,0,0,0,False,empty_placeholder
4351,4,0/0/0/0/0/0/0/0/0/0/0/0,0,0,0,False,empty_placeholder
4351,5,0/0/0/0/0/0/0/0/0/0/0/0,0,0,0,False,empty_placeholder
4351,7,0/0/0/0/0/0/0/0/0/0/0/0,0,0,0,False,empty_placeholder
4354,1,0/0/0/0/0/0/0/0/0/0/0/0,0,0,0,False,empty_placeholder
4399,0,-1/-1/-1/1/-1/-1/0/0/0/0/0/0,0,0,0,True,populated_agrees
4399,1,0/0/0/0/0/0/0/0/0/0/0/0,0,0,0,False,empty_placeholder
4399,2,0/0/0/0/0/0/0/0/0/0/0/0,0,0,0,False,empty_placeholder
4399,3,0/0/0/0/0/0/0/0/0/0/0/0,0,0,0,False,empty_placeholder
4399,4,0/0/0/0/0/0/0/0/0/0/0/0,0,0,0,False,empty_placeholder
4399,5,0/0/0/0/0/0/0/0/0/0/0/0,0,0,0,False,empty_placeholder
4399,6,0/0/0/0/0/0/0/0/0/0/0/0,0,0,0,False,empty_placeholder
4402,0,-1/-1/-1/1/-1/-1/0/0/0/0/0/0,0,0,0,True,populated_agrees
4483,1,0/0/0/0/0/0/0/0/0/0/0/0,0,0,0,False,empty_placeholder
4489,0,-1/-1/-1/1/-1/-1/0/0/0/0/0/0,0,0,0,True,populated_agrees
4489,1,0/0/0/0/0/0/0/0/0/0/0/0,0,0,0,False,empty_placeholder
4489,2,0/0/0/0/0/0/0/0/0/0/0/0,0,0,0,False,empty_placeholder
4489,3,0/0/0/0/0/0/0/0/0/0/0/0,0,0,0,False,empty_placeholder
4489,4,0/0/0/0/0/0/0/0/0/0/0/0,0,0,0,False,empty_placeholder
4489,5,0/0/0/0/0/0/0/0/0/0/0/0,0,0,0,False,empty_placeholder
4489,6,0/0/0/0/0/0/0/0/0/0/0/0,0,0,0,False,empty_placeholder
4492,0,-1/-1/-1/1/-1/-1/0/0/0/0/0/0,0,0,0,True,populated_agrees
4555,0,-1/-1/-1/1/-1/-1/0/0/0/0/0/0,0,0,0,True,populated_agrees
4555,1,0/0/0/0/0/0/0/0/0/0/0/0,0,0,0,False,empty_placeholder
4555,2,0/0/0/0/0/0/0/0/0/0/0/0,0,0,0,False,empty_placeholder
4555,3,0/0/0/0/0/0/0/0/0/0/0/0,0,0,0,False,empty_placeholder
4555,4,0/0/0/0/0/0/0/0/0/0/0/0,0,0,0,False,empty_placeholder
4555,5,0/0/0/0/0/0/0/0/0/0/0/0,0,0,0,False,empty_placeholder
4558,0,-1/-1/-1/2/-1/-1/0/0/0/0/0/0,0,0,0,True,populated_agrees
4558,1,0/0/0/0/0/0/0/0/0/0/0/0,0,0,0,False,empty_placeholder
4558,2,0/0/0/0/0/0/0/0/0/0/0/0,0,0,0,False,empty_placeholder
4558,3,0/0/0/0/0/0/0/0/0/0/0/0,0,0,0,False,empty_placeholder
4558,4,0/0/0/0/0/0/0/0/0/0/0/0,0,0,0,False,empty_placeholder
4558,5,0/0/0/0/0/0/0/0/0/0/0/0,0,0,0,False,empty_placeholder
4253,0,-1/-1/-1/-1/-1/1/0/0/0/0/0/0,0,0,0,True,populated_agrees
4253,2,0/0/0/0/0/0/0/0/0/0/0/0,0,0,0,False,empty_placeholder
4256,0,-1/-1/-1/-1/-1/1/0/0/0/0/0/0,0,0,0,True,populated_agrees
4301,0,-1/-1/-1/1/-1/-1/0/0/0/0/0/0,0,0,0,True,populated_agrees
4301,1,0/0/0/0/0/0/0/0/0/0/0/0,0,0,0,False,empty_placeholder
4301,2,0/0/0/0/0/0/0/0/0/0/0/0,0,0,0,False,empty_placeholder
4301,3,0/0/0/0/0/0/0/0/0/0/0/0,0,0,0,False,empty_placeholder
4301,4,0/0/0/0/0/0/0/0/0/0/0/0,0,0,0,False,empty_placeholder
4301,5,0/0/0/0/0/0/0/0/0/0/0/0,0,0,0,False,empty_placeholder
4304,0,-1/-1/-1/1/-1/-1/0/0/0/0/0/0,0,0,0,True,populated_agrees
4304,1,0/0/0/0/0/0/0/0/0/0/0/0,0,0,0,False,empty_placeholder
4349,0,-1/-1/-1/1/-1/-1/0/0/0/0/0/0,0,0,0,True,populated_agrees
4349,1,0/0/0/0/0/0/0/0/0/0/0/0,0,0,0,False,empty_placeholder
4349,2,0/0/0/0/0/0/0/0/0/0/0/0,0,0,0,False,empty_placeholder
4349,3,0/0/0/0/0/0/0/0/0/0/0/0,0,0,0,False,empty_placeholder
4349,4,0/0/0/0/0/0/0/0/0/0/0/0,0,0,0,False,empty_placeholder
4349,5,0/0/0/0/0/0/0/0/0/0/0/0,0,0,0,False,empty_placeholder
4352,7,0/0/0/0/0/0/0/0/0/0/0/0,0,0,0,False,empty_placeholder
4355,0,-1/-1/-1/1/-1/-1/0/0/0/0/0/0,0,0,0,True,populated_agrees
4397,0,-1/-1/-1/1/-1/-1/0/0/0/0/0/0,0,0,0,True,populated_agrees
4397,1,0/0/0/0/0/0/0/0/0/0/0/0,0,0,0,False,empty_placeholder
4397,2,0/0/0/0/0/0/0/0/0/0/0/0,0,0,0,False,empty_placeholder
4397,3,0/0/0/0/0/0/0/0/0/0/0/0,0,0,0,False,empty_placeholder
4397,4,0/0/0/0/0/0/0/0/0/0/0/0,0,0,0,False,empty_placeholder
4397,5,0/0/0/0/0/0/0/0/0/0/0/0,0,0,0,False,empty_placeholder
4397,6,0/0/0/0/0/0/0/0/0/0/0/0,0,0,0,False,empty_placeholder
4400,0,-1/-1/-1/1/-1/-1/0/0/0/0/0/0,0,0,0,True,populated_agrees
4400,1,0/0/0/0/0/0/0/0/0/0/0/0,0,0,0,False,empty_placeholder
4400,2,0/0/0/0/0/0/0/0/0/0/0/0,0,0,0,False,empty_placeholder
4400,3,0/0/0/0/0/0/0/0/0/0/0/0,0,0,0,False,empty_placeholder
4400,4,0/0/0/0/0/0/0/0/0/0/0/0,0,0,0,False,empty_placeholder
4400,5,0/0/0/0/0/0/0/0/0/0/0/0,0,0,0,False,empty_placeholder
4400,6,0/0/0/0/0/0/0/0/0/0/0/0,0,0,0,False,empty_placeholder
4403,0,-1/-1/-1/1/-1/-1/0/0/0/0/0/0,0,0,0,True,populated_agrees
4484,0,-1/-1/-1/1/-1/-1/0/0/0/0/0/0,0,0,0,True,populated_agrees
4484,1,0/0/0/0/0/0/0/0/0/0/0/0,0,0,0,False,empty_placeholder
4484,2,0/0/0/0/0/0/0/0/0/0/0/0,0,0,0,False,empty_placeholder
4484,3,0/0/0/0/0/0/0/0/0/0/0/0,0,0,0,False,empty_placeholder
4484,4,0/0/0/0/0/0/0/0/0/0/0/0,0,0,0,False,empty_placeholder
4484,5,0/0/0/0/0/0/0/0/0/0/0/0,0,0,0,False,empty_placeholder
4484,6,0/0/0/0/0/0/0/0/0/0/0/0,0,0,0,False,empty_placeholder
4487,0,-1/-1/-1/1/-1/-1/0/0/0/0/0/0,0,0,0,True,populated_agrees
4487,1,0/0/0/0/0/0/0/0/0/0/0/0,0,0,0,False,empty_placeholder
4487,2,0/0/0/0/0/0/0/0/0/0/0/0,0,0,0,False,empty_placeholder
4490,1,0/0/0/0/0/0/0/0/0/0/0/0,0,0,0,False,empty_placeholder
4493,0,-1/-1/-1/2/-1/-1/0/0/0/0/0/0,0,0,0,True,populated_agrees
4493,1,0/0/0/0/0/0/0/0/0/0/0/0,0,0,0,False,empty_placeholder
4493,2,0/0/0/0/0/0/0/0/0/0/0/0,0,0,0,False,empty_placeholder
4493,3,0/0/0/0/0/0/0/0/0/0/0/0,0,0,0,False,empty_placeholder
4493,4,0/0/0/0/0/0/0/0/0/0/0/0,0,0,0,False,empty_placeholder
4493,5,0/0/0/0/0/0/0/0/0/0/0/0,0,0,0,False,empty_placeholder
4556,0,-1/-1/-1/1/-1/-1/0/0/0/0/0/0,0,0,0,True,populated_agrees
4556,1,0/0/0/0/0/0/0/0/0/0/0/0,0,0,0,False,empty_placeholder
