day  , run , elastic_label          , Ibeam (uA), HMS mom, HMS angle, SHMS angle, calo angle, calo distance, target     , Beam pass, Collimator, prescale, event #, duration (min), Charge Accumulated, coin status, comments                                                                                                                                                                                 , source sheet     , source row
10/09, 1715, elastic                ,         28, -5.878 ,    16.483,     35.005,     18.72 , 3 m          , LH2-elastic,          ,           , ps4=0   ,  175268,          63   ,              94.56,            , sweep off                                                                                                                                                                                , KinC_x60_3       ,         17
10/09, 1716, elastic                ,         28, -5.878 ,    16.483,     35.005,     18.72 , 3 m          , LH2-elastic,          ,           , ps4=0   ,  157276,          46   ,              74.65,            , sweep off                                                                                                                                                                                , KinC_x60_3       ,         18
11/11, 2855, NPS elastic calibration,         40, 4.0782 ,    29.855,     32.88 ,     16.58 , 9.5          , LH2        ,         5, L         , ps3=0   ,  521219,          60.42,             118.72,            , HMS Dipole NMR 1.103 T                                                                                                                                                                   , 5p_commissionning,        174
11/11, 2856, NPS elastic calibration,         40, 4.0782 ,    29.855,     32.88 ,     16.58 , 9.5          , LH2        ,         5, L         , ps5=0   ,  231150,          69.86,             151.54,            , HMS Dipole NMR 1.103 T                                                                                                                                                                   , 5p_commissionning,        175
11/11, 2857, NPS elastic calibration,         40, 4.0782 ,    29.855,     31.845,     15.545, 9.5          , LH2        ,         5, L         , ps5=0   ,  104988,          31.21,              66.97,            , HMS Dipole NMR 1.103 T                                                                                                                                                                   , 5p_commissionning,        176
11/11, 2858, NPS elastic calibration,         40, 4.0782 ,    29.855,     31.845,     15.545, 9.5          , LH2        ,         5, L         , ps5=0   ,  100040,          29.54,              64.66,            , HMS Dipole NMR 1.103 T                                                                                                                                                                   , 5p_commissionning,        177
11/11, 2859, NPS elastic calibration,         40, 4.0782 ,    29.855,     31.845,     15.545, 9.5          , LH2        ,         5, L         , ps5=0   ,  231270,          69.31,             143.68,            , HMS Dipole NMR 1.103 T                                                                                                                                                                   , 5p_commissionning,        178
11/11, 2860, NPS elastic calibration,         40, 4.0782 ,    29.855,     30.828,     14.528, 9.5          , LH2        ,         5, L         , ps5=0   ,  207581,          62.42,             134.43,            , HMS Dipole NMR 1.103 T                                                                                                                                                                   , 5p_commissionning,        179
11/11, 2861, NPS elastic calibration,         40, 4.0782 ,    29.855,     30.828,     14.528, 9.5          , LH2        ,         5, L         , ps5=0   ,  226777,          69.97,             138.06,            , HMS Dipole NMR 1.103 T                                                                                                                                                                   , 5p_commissionning,        180
11/11, 2862, NPS elastic calibration,         40, 4.0782 ,    29.855,     32.882,     16.582, 9.5          , LH2        ,         5, L         , ps5=0   ,  220790,          67.25,             144.03,            , HMS Dipole NMR 1.103 T                                                                                                                                                                   , 5p_commissionning,        181
11/11, 2863, NPS elastic calibration,         40, 4.0782 ,    29.855,     32.882,     16.582, 9.5          , LH2        ,         5, L         , ps5=0   ,  139020,          46.02,              67.9 ,            , HMS Dipole NMR 1.103 T                                                                                                                                                                   , 5p_commissionning,        182
11/11, 2864, NPS elastic calibration,         40, 4.0782 ,    29.855,     32.882,     16.582, 9.5          , LH2        ,         5, L         , ps5=0   ,  118190,          36.34,              75.13,            , HMS Dipole NMR 1.103 T                                                                                                                                                                   , 5p_commissionning,        183
11/11, 2865, NPS elastic calibration,         40, 4.0782 ,    29.855,     31.845,     15.545, 9.5          , LH2        ,         5, L         , ps5=0   ,  259651,          82.31,             134.81,            , HMS Dipole NMR 1.103 T                                                                                                                                                                   , 5p_commissionning,        184
11/11, 2866, NPS elastic calibration,         40, 4.0782 ,    29.855,     31.845,     15.545, 9.5          , LH2        ,         5, L         , ps5=0   ,  198155,          60.91,             113.69,            , HMS Dipole NMR 1.103 T                                                                                                                                                                   , 5p_commissionning,        185
11/12, 2867, NPS elastic calibration,         40, 4.0782 ,    29.855,     31.845,     15.545, 9.5          , LH2        ,         5, L         , ps5=0   ,  223675,          66.23,             141.74,            , HMS Dipole NMR 1.103 T                                                                                                                                                                   , 5p_commissionning,        186
11/12, 2868, NPS elastic calibration,         40, 4.0782 ,    29.855,     30.828,     14.528, 9.5          , LH2        ,         5, L         , ps5=0   ,   42094,          14.63,              14.83,            , HMS Dipole NMR 1.103 T                                                                                                                                                                   , 5p_commissionning,        187
11/12, 2869, NPS elastic calibration,         40, 4.0782 ,    29.855,     30.828,     14.528, 9.5          , LH2        ,         5, L         , ps5=0   ,  112774,          37.01,              54.56,            , HMS Dipole NMR 1.103 T                                                                                                                                                                   , 5p_commissionning,        188
11/12, 2870, NPS elastic calibration,         40, 4.0782 ,    29.855,     30.828,     14.528, 9.5          , LH2        ,         5, L         , ps5=0   ,  108589,          32.76,              71.57,            , HMS Dipole NMR 1.103 T                                                                                                                                                                   , 5p_commissionning,        189
11/12, 2871, NPS elastic calibration,         40, 4.0782 ,    29.855,     30.828,     14.528, 9.5          , LH2        ,         5, L         , ps5=0   ,  207122,          62.75,             131.42,            , HMS Dipole NMR 1.103 T                                                                                                                                                                   , 5p_commissionning,        190
11/12, 2875, NPS elastic calibration,         40, 4.0872 ,    29.855,     32.885,     16.585, 9.5          , LH2        ,         5, L         , ps5=0   ,  192631,          58.96,             117.56,            , HMS Dipole NMR 1.12262 T                                                                                                                                                                 , 5p_commissionning,        194
11/12, 2876, NPS elastic calibration,         40, 4.0872 ,    29.855,     32.885,     16.585, 9.5          , LH2        ,         5, L         , ps5=0   ,  221123,          67.49,             139.55,            , HMS Dipole NMR 1.12262 T                                                                                                                                                                 , 5p_commissionning,        195
11/12, 2877, NPS elastic calibration,         40, 4.0872 ,    29.855,     31.855,     15.555, 9.5          , LH2        ,         5, L         , ps5=0   ,  193400,          61.37,              94.08,            , HMS Dipole NMR 1.12262 T                                                                                                                                                                 , 5p_commissionning,        196
11/12, 2878, NPS elastic calibration,         40, 4.0872 ,    29.855,     31.855,     15.555, 9.5          , LH2        ,         5, L         , ps5=0   ,  277520,          76.98,             172.52,            , HMS Dipole NMR 1.12262 T                                                                                                                                                                 , 5p_commissionning,        197
11/12, 2879, NPS elastic calibration,         40, 4.0872 ,    29.855,     30.835,     14.535, 9.5          , LH2        ,         5, L         , ps5=0   ,  221323,          65.57,             136.65,            , HMS Dipole NMR 1.12262 T                                                                                                                                                                 , 5p_commissionning,        198
11/12, 2880, NPS elastic calibration,         40, 4.0872 ,    29.855,     30.835,     14.535, 9.5          , LH2        ,         5, L         , ps5=0   ,  160544,          46.02,              98.24,            , HMS Dipole NMR 1.12262 T                                                                                                                                                                 , 5p_commissionning,        199
11/13, 2881, NPS elastic calibration,         40, 4.0872 ,    29.855,     30.835,     14.535, 9.5          , LH2        ,         5, L         , ps5=0   ,   75000,          22.78,              41.46,            , HMS Dipole NMR 1.122731 T                                                                                                                                                                , 5p_commissionning,        200
11/13, 2882, NPS elastic calibration,         40, 4.0872 ,    29.855,     31.851,     15.551, 9.5          , LH2        ,         5, L         , ps5=0   ,  232106,          70.49,             125.21,            , HMS Dipole NMR 1.12259 T                                                                                                                                                                 , 5p_commissionning,        201
11/13, 2883, NPS elastic calibration,         40, 4.0872 ,    29.855,     31.851,     15.551, 9.5          , LH2        ,         5, L         , ps5=0   ,  204153,          59.49,             126.29,            , HMS Dipole NMR 1.12259 T                                                                                                                                                                 , 5p_commissionning,        202
11/13, 2884, NPS elastic calibration,         40, 4.0872 ,    29.855,     32.877,     16.577, 9.5          , LH2        ,         5, L         , ps5=0   ,  193647,          58.94,             119.68,            , HMS Dipole NMR 1.12259 T                                                                                                                                                                 , 5p_commissionning,        203
11/13, 2885, NPS elastic calibration,         40, 4.0872 ,    29.855,     32.877,     16.577, 9.5          , LH2        ,         5, L         , ps5=0   ,  842461,          24.59,              52.33,            , HMS Dipole NMR 1.12259 T                                                                                                                                                                 , 5p_commissionning,        204
11/14, 2903, Elastic Calibration    ,         40, 4.12   ,    27.615,     38    ,     21.7  , 8            , LH2        ,         4, L         , ps3=0   ,  525993,          54.21,             114.12,            , run with ps3=0 to work around the fadc issue                                                                                                                                             , 4p_commissionning,          9
11/14, 2904, Elastic Calibration    ,         40, 4.12   ,    27.615,     38    ,     21.7  , 8            , LH2        ,         4, L         , ps3=0   ,  146004,          19.83,              41.03,            , run with ps3=0 to work around the fadc issue                                                                                                                                             , 4p_commissionning,         10
11/14, 2905, Elastic Calibration    ,         40, 4.12   ,    27.615,     38    ,     21.7  , 8            , LH2        ,         4, L         , ps3=0   ,  458583,          68.22,             127.95,            , New FADC values loaded but still in ps3 to verify                                                                                                                                        , 4p_commissionning,         11
11/14, 2906, Elastic Calibration    ,         40, 4.12   ,    27.615,     38    ,     21.7  , 8            , LH2        ,         4, L         , ps5=0   ,   53017,          58.42,             112.38,            , New FADC values loaded run in ps5                                                                                                                                                        , 4p_commissionning,         12
11/14, 2907, Elastic Calibration    ,         40, 4.12   ,    27.615,     36.138,     19.838, 8            , LH2        ,         4, L         , ps5=0   ,   58318,          59.32,             126.99,            ,                                                                                                                                                                                          , 4p_commissionning,         13
11/14, 2908, Elastic Calibration    ,         40, 4.12   ,    27.615,     36.138,     19.838, 8            , LH2        ,         4, L         , ps5=0   ,    6395,           6.07,              14.1 ,            , run ended for magnet rampdown to replace JT                                                                                                                                              , 4p_commissionning,         14
11/14, 2909, Elastic Calibration    ,         40, 4.12   ,    27.615,     36.138,     19.838, 8            , LH2        ,         4, L         , ps5=0   ,   65066,          75.91,             133.88,            ,                                                                                                                                                                                          , 4p_commissionning,         15
11/14, 2910, Elastic Calibration    ,         40, 4.12   ,    27.615,     36.138,     19.838, 8            , LH2        ,         4, L         , ps5=0   ,   66290,          71.94,             142.36,            ,                                                                                                                                                                                          , 4p_commissionning,         16
11/14, 2911, Elastic Calibration    ,         40, 4.12   ,    27.615,     37.997,     21.697, 8            , LH2        ,         4, L         , ps5=0   ,   67109,          71.93,             142.41,            ,                                                                                                                                                                                          , 4p_commissionning,         17
11/14, 2912, Elastic Calibration    ,         40, 4.12   ,    27.615,     37.997,     21.697, 8            , LH2        ,         4, L         , ps5=0   ,   62406,          64.09,             136.09,            ,                                                                                                                                                                                          , 4p_commissionning,         18
11/14, 2913, Elastic Calibration    ,         40, 4.12   ,    27.615,     37.997,     21.697, 8            , LH2        ,         4, L         , ps5=0   ,   63625,          64.97,             138.49,            ,                                                                                                                                                                                          , 4p_commissionning,         19
11/14, 2914, Elastic Calibration    ,         40, 4.12   ,    27.615,     36.141,     19.841, 8            , LH2        ,         4, L         , ps5=0   ,   61727,          62.06,             137.73,            ,                                                                                                                                                                                          , 4p_commissionning,         20
11/14, 2915, Elastic Calibration    ,         40, 4.12   ,    27.615,     36.141,     19.841, 8            , LH2        ,         4, L         , ps5=0   ,   63018,          64.74,             138.2 ,            ,                                                                                                                                                                                          , 4p_commissionning,         21
11/15, 2916, Elastic Calibration    ,         40, 4.12   ,    27.615,     36.141,     19.841, 8            , LH2        ,         4, L         , ps5=0   ,   63131,          65.89,             138.46,            ,                                                                                                                                                                                          , 4p_commissionning,         22
11/15, 2917, Elastic Calibration    ,         40, 4.12   ,    27.615,     38.002,     21.702, 8            , LH2        ,         4, L         , ps5=0   ,   62087,          65.41,             132.71,            ,                                                                                                                                                                                          , 4p_commissionning,         23
11/15, 2918, Elastic Calibration    ,         40, 4.12   ,    27.615,     38.002,     21.702, 8            , LH2        ,         4, L         , ps5=0   ,   62012,          66.08,             132.9 ,            ,                                                                                                                                                                                          , 4p_commissionning,         24
11/15, 2919, Elastic Calibration    ,         40, 4.12   ,    27.615,     38.002,     21.702, 8            , LH2        ,         4, L         , ps5=0   ,   62266,          65.07,             136.42,            ,                                                                                                                                                                                          , 4p_commissionning,         25
11/15, 2920, Elastic Calibration    ,         40, 4.12   ,    27.615,     36.143,     19.843, 8            , LH2        ,         4, L         , ps5=0   ,   61360,          67.31,             131.17,            ,                                                                                                                                                                                          , 4p_commissionning,         26
01/25, 3883, NPS elastic calibration,         40, 4.0782 ,    29.845,     32.875,     16.575, 9.5          , LH2        ,         5, L         , ps5=0   ,   61171,          62.34,             106.18,            , HMS Dipole NMR 1.1184300 T                                                                                                                                                               , 5p_commissionning,        206
01/25, 3884, NPS elastic calibration,         40, 4.0782 ,    29.845,     31.845,     15.545, 9.5          , LH2        ,         5, L         , ps5=0   ,   71191,          60.05,             119.33,            , HMS Dipole NMR 1.1184300 T                                                                                                                                                               , 5p_commissionning,        207
01/25, 3885, NPS elastic calibration,         40, 4.0782 ,    29.845,     31.055,     14.755, 9.5          , LH2        ,         5, L         , ps5=0   ,   75536,          62.46,             128.84,            , HMS Dipole NMR 1.1184300 T                                                                                                                                                               , 5p_commissionning,        208
01/25, 3886, NPS elastic calibration,         40, 4.0782 ,    29.845,     33.455,     17.155, 9.5          , LH2        ,         5, L         , ps5=0   ,   58183,          57.78,             109.15,            , HMS Dipole NMR 1.1184300 T                                                                                                                                                               , 5p_commissionning,        209
01/25, 3887, NPS elastic calibration,         40, 4.0782 ,    29.845,     32.255,     15.955, 9.5          , LH2        ,         5, L         , ps5=0   ,   63753,          59.67,             109.5 ,            , HMS Dipole NMR 1.1184300 T                                                                                                                                                               , 5p_commissionning,        210
01/25, 3888, NPS elastic calibration,         40, 4.0782 ,    29.845,     31.055,     14.755, 9.5          , LH2        ,         5, L         , ps5=0   ,   74337,          61.79,             128.09,            , HMS Dipole NMR 1.1184300 T                                                                                                                                                               , 5p_commissionning,        211
01/25, 3889, NPS elastic calibration,         40, 4.0782 ,    29.845,     33.468,     17.168, 9.5          , LH2        ,         5, L         , ps5=0   ,   63165,          65.23,             116.81,            , HMS Dipole NMR 1.1183800 T                                                                                                                                                               , 5p_commissionning,        212
01/25, 3892, NPS elastic calibration,         40, 4.0782 ,    29.845,     31.055,     14.755, 9.5          , LH2        ,         5, L         , ps5=0   ,   71685,          59.47,             121.53,            , HMS Dipole NMR 1.1183800 T                                                                                                                                                               , 5p_commissionning,        215
01/25, 3893, NPS elastic calibration,         40, 4.0782 ,    29.845,     33.469,     17.169, 9.5          , LH2        ,         5, L         , ps5=0   ,   68928,          59.17,             127.07,            , HMS Dipole NMR 1.1185200 T; New HV loaded to NPS                                                                                                                                         , 5p_commissionning,        216
01/25, 3894, NPS elastic calibration,         40, 4.0782 ,    29.845,     33.469,     17.169, 9.5          , LH2        ,         5, L         , ps5=0   ,   50959,          49.28,              90.92,            , HMS Dipole NMR 1.1185200 T                                                                                                                                                               , 5p_commissionning,        217
01/25, 3895, NPS elastic calibration,         40, 4.0782 ,    29.845,     32.265,     15.965, 9.5          , LH2        ,         5, L         , ps5=0   ,   55536,          53.99,              85.34,            , HMS Dipole NMR 1.1185400 T                                                                                                                                                               , 5p_commissionning,        218
01/25, 3896, NPS elastic calibration,         40, 4.0782 ,    29.845,     32.265,     15.965, 9.5          , LH2        ,         5, L         , ps5=0   ,   66380,          54.85,             106.8 ,            , HMS Dipole NMR 1.1185400 T                                                                                                                                                               , 5p_commissionning,        219
01/25, 3897, NPS elastic calibration,         40, 4.0782 ,    29.845,     31.045,     14.745, 9.5          , LH2        ,         5, L         , ps5=0   ,   78880,          63.52,             121.5 ,            , HMS Dipole NMR 1.1185400 T                                                                                                                                                               , 5p_commissionning,        220
01/25, 3898, NPS elastic calibration,         40, 4.0782 ,    29.845,     31.045,     14.745, 9.5          , LH2        ,         5, L         , ps5=0   ,   38058,          28.84,              59.1 ,            , HMS Dipole NMR 1.1185400 T                                                                                                                                                               , 5p_commissionning,        221
02/18, 4469, NPS elastic calibration,         40, 4.06   ,    29.98 ,     31.099,     14.799, 9.5          , LH2        ,         5, l         , ps5=0   ,   63386,          62.6 ,              99.57,            , NPS Elastic calibration after the repair of columns 20-23                                                                                                                                , 5p_commissionning,        223
02/18, 4470, NPS elastic calibration,         40, 4.06   ,    29.98 ,     32.185,     15.885, 9.5          , LH2        ,         5, l         , ps5=0   ,   58614,          64.4 ,              93.95,            ,                                                                                                                                                                                          , 5p_commissionning,        224
03/10, 5183, NPS elastic calibration,         30, 4.31   ,    28.67 ,     31.865,     15.565, 9.5          , LH2        ,         5, L         , ps5=0   ,   90284,          31.03,              49.36,            , HMS Dipole NMR 1.17995 T                                                                                                                                                                 , 5p_commissionning,        227
03/10, 5184, NPS elastic calibration,         30, 4.31   ,    28.67 ,     31.865,     15.565, 9.5          , LH2        ,         5, L         , ps5=0   ,   74841,          29.43,              50.81,            ,                                                                                                                                                                                          , 5p_commissionning,        228
03/10, 5185, NPS elastic calibration,         30, 4.31   ,    28.67 ,     33.16 ,     16.86 , 9.5          , LH2        ,         5, L         , ps5=0   ,   73912,          29.45,              42.23,            ,                                                                                                                                                                                          , 5p_commissionning,        229
03/10, 5186, NPS elastic calibration,         30, 4.31   ,    28.67 ,     33.16 ,     16.86 , 9.5          , LH2        ,         5, L         , ps5=0   ,   74670,          29.23,              49.13,            ,                                                                                                                                                                                          , 5p_commissionning,        230
03/10, 5187, NPS elastic calibration,         30, 4.31   ,    28.67 ,     34.455,     18.155, 9.5          , LH2        ,         5, L         , ps5=0   ,  101975,          41.31,              41.57,            ,                                                                                                                                                                                          , 5p_commissionning,        231
03/10, 5188, NPS elastic calibration,         30, 4.31   ,    28.67 ,     34.455,     18.155, 9.5          , LH2        ,         5, L         , ps5=0   ,   78786,          31.38,              47.66,            ,                                                                                                                                                                                          , 5p_commissionning,        232
03/10, 5189, NPS elastic calibration,         30, 4.31   ,    28.67 ,     31.847,     15.547, 9.5          , LH2        ,         5, L         , ps5=0   ,   70644,          28.47,              46.46,            ,                                                                                                                                                                                          , 5p_commissionning,        233
03/10, 5190, NPS elastic calibration,         30, 4.31   ,    28.67 ,     31.847,     15.547, 9.5          , LH2        ,         5, L         , ps5=0   ,   71377,          28.39,              45.02,            ,                                                                                                                                                                                          , 5p_commissionning,        234
03/10, 5191, NPS elastic calibration,         30, 4.31   ,    28.67 ,     33.165,     16.865, 9.5          , LH2        ,         5, L         , ps5=0   ,   57649,          23.31,              16.5 ,            ,                                                                                                                                                                                          , 5p_commissionning,        235
03/10, 5192, NPS elastic calibration,         30, 4.31   ,    28.67 ,     33.165,     16.865, 9.5          , LH2        ,         5, L         , ps5=0   ,   78095,          31.44,              39.45,            ,                                                                                                                                                                                          , 5p_commissionning,        236
03/10, 5193, NPS elastic calibration,         30, 4.31   ,    28.67 ,     33.165,     16.865, 9.5          , LH2        ,         5, L         , ps5=0   ,   77185,          30.59,              49.77,            ,                                                                                                                                                                                          , 5p_commissionning,        237
03/10, 5194, NPS elastic calibration,         30, 4.31   ,    28.67 ,     34.46 ,     18.16 , 9.5          , LH2        ,         5, L         , ps5=0   ,   79303,          31.89,              46.39,            ,                                                                                                                                                                                          , 5p_commissionning,        238
03/10, 5195, NPS elastic calibration,         30, 4.31   ,    28.67 ,     34.46 ,     18.16 , 9.5          , LH2        ,         5, L         , ps5=0   ,   77268,          30.82,              51.5 ,            ,                                                                                                                                                                                          , 5p_commissionning,        239
03/10, 5196, NPS elastic calibration,         30, 4.31   ,    28.67 ,     31.847,     15.547, 9.5          , LH2        ,         5, L         , ps5=0   ,   79195,          31.54,              45.47,            ,                                                                                                                                                                                          , 5p_commissionning,        240
03/10, 5197, NPS elastic calibration,         30, 4.31   ,    28.67 ,     31.847,     15.547, 9.5          , LH2        ,         5, L         , ps5=0   ,   73865,          29.72,              46.75,            ,                                                                                                                                                                                          , 5p_commissionning,        241
03/10, 5198, NPS elastic calibration,         30, 4.31   ,    28.67 ,     33.155,     16.855, 9.5          , LH2        ,         5, L         , ps5=0   ,   73820,          29.57,              46.56,            ,                                                                                                                                                                                          , 5p_commissionning,        242
03/10, 5199, NPS elastic calibration,         30, 4.31   ,    28.67 ,     33.155,     16.855, 9.5          , LH2        ,         5, L         , ps5=0   ,   73640,          29.28,              40.3 ,            ,                                                                                                                                                                                          , 5p_commissionning,        243
03/10, 5200, NPS elastic calibration,         30, 4.31   ,    28.67 ,     34.453,     18.153, 9.5          , LH2        ,         5, L         , ps5=0   ,   78229,          31.32,              52.74,            ,                                                                                                                                                                                          , 5p_commissionning,        244
03/10, 5201, NPS elastic calibration,         30, 4.31   ,    28.67 ,     34.453,     18.153, 9.5          , LH2        ,         5, L         , ps5=0   ,   76295,          30.55,              52.5 ,            ,                                                                                                                                                                                          , 5p_commissionning,        245
03/10, 5202, NPS elastic calibration,         30, 4.31   ,    28.67 ,     31.845,     15.545, 9.5          , LH2        ,         5, L         , ps5=0   ,  102463,          41.46,              40.78,            ,                                                                                                                                                                                          , 5p_commissionning,        246
03/10, 5203, NPS elastic calibration,         30, 4.31   ,    28.67 ,     31.845,     15.545, 9.5          , LH2        ,         5, L         , ps5=0   ,   75726,          30.45,              51.95,            ,                                                                                                                                                                                          , 5p_commissionning,        247
03/10, 5204, NPS elastic calibration,         30, 4.31   ,    28.67 ,     33.17 ,     16.87 , 9.5          , LH2        ,         5, L         , ps5=0   ,   73637,          29.26,              49.28,            ,                                                                                                                                                                                          , 5p_commissionning,        248
03/10, 5205, NPS elastic calibration,         30, 4.31   ,    28.67 ,     33.17 ,     16.87 , 9.5          , LH2        ,         5, L         , ps5=0   ,   72664,          29.08,              49.13,            ,                                                                                                                                                                                          , 5p_commissionning,        249
03/10, 5206, NPS elastic calibration,         30, 4.31   ,    28.67 ,     34.47 ,     18.17 , 9.5          , LH2        ,         5, L         , ps5=0   ,   52173,          21.11,              11.06,            ,                                                                                                                                                                                          , 5p_commissionning,        250
03/10, 5207, NPS elastic calibration,         30, 4.31   ,    28.67 ,     34.47 ,     18.17 , 9.5          , LH2        ,         5, L         , ps5=0   ,   91354,          36.72,              56.11,            ,                                                                                                                                                                                          , 5p_commissionning,        251
03/10, 5208, NPS elastic calibration,         30, 4.31   ,    28.67 ,     31.845,     15.545, 9.5          , LH2        ,         5, L         , ps5=0   ,   60673,          24.53,              35.77,            ,                                                                                                                                                                                          , 5p_commissionning,        252
03/11, 5217, Elastic Calibration    ,         30, 2.639  ,    35.96 ,     34.846,     18.546, 9.5          , LH2        ,         3, L         , ps5=0   ,   81532,          30   ,              48.76,            ,                                                                                                                                                                                          , 3p_commissionning,          3
03/11, 5219, Elastic Calibration    ,         30, 2.639  ,    35.96 ,     34.846,     18.546, 9.5          , LH2        ,         3, L         , ps5=0   ,   78066,          39.48,              46.69,            ,                                                                                                                                                                                          , 3p_commissionning,          5
03/11, 5220, Elastic Calibration    ,         30, 2.639  ,    35.96 ,     36.158,     19.858, 9.5          , LH2        ,         3, L         , ps5=0   ,   93392,          28.54,              42.99,            ,                                                                                                                                                                                          , 3p_commissionning,          6
03/11, 5221, Elastic Calibration    ,         30, 2.639  ,    35.96 ,     36.158,     19.858, 9.5          , LH2        ,         3, L         , ps5=0   ,   76805,          34.99,              35.86,            ,                                                                                                                                                                                          , 3p_commissionning,          7
03/11, 5223, Elastic Calibration    ,         30, 2.639  ,    35.96 ,     37.465,     21.165, 9.5          , LH2        ,         3, L         , ps5=0   ,   86300,          29.59,              44.67,            ,                                                                                                                                                                                          , 3p_commissionning,          9
03/11, 5224, Elastic Calibration    ,         30, 2.639  ,    35.96 ,     37.465,     21.165, 9.5          , LH2        ,         3, L         , ps5=0   ,   12897,          11   ,               6.72,            , only 5mins of beam                                                                                                                                                                       , 3p_commissionning,         10
03/11, 5225, Elastic Calibration    ,         30, 2.639  ,    35.96 ,     37.465,     21.165, 9.5          , LH2        ,         3, L         , ps5=0   ,   72898,          23.93,              37.92,            ,                                                                                                                                                                                          , 3p_commissionning,         11
03/11, 5226, Elastic Calibration    ,         30, 2.639  ,    35.96 ,     34.86 ,     18.56 , 9.5          , LH2        ,         3, L         , ps5=0   ,   80111,          32.59,              47.31,            ,                                                                                                                                                                                          , 3p_commissionning,         12
03/11, 5227, Elastic Calibration    ,         30, 2.639  ,    35.96 ,     34.86 ,     18.56 , 9.5          , LH2        ,         3, L         , ps5=0   ,   95010,          34.09,              56.5 ,            ,                                                                                                                                                                                          , 3p_commissionning,         13
03/11, 5228, Elastic Calibration    ,         30, 2.639  ,    35.96 ,     36.155,     19.855, 9.5          , LH2        ,         3, L         , ps5=0   ,   94876,          29.88,              44.14,            ,                                                                                                                                                                                          , 3p_commissionning,         14
03/11, 5229, Elastic Calibration    ,         30, 2.639  ,    35.96 ,     36.155,     19.855, 9.5          , LH2        ,         3, L         , ps5=0   ,   31573,          12.88,              14.62,            ,                                                                                                                                                                                          , 3p_commissionning,         15
03/11, 5230, Elastic Calibration    ,         30, 2.639  ,    35.96 ,     36.155,     19.855, 9.5          , LH2        ,         3, L         , ps5=0   ,   64668,          18.64,              30.06,            ,                                                                                                                                                                                          , 3p_commissionning,         16
03/11, 5231, Elastic Calibration    ,         30, 2.639  ,    35.96 ,     37.46 ,     21.16 , 9.5          , LH2        ,         3, L         , ps5=0   ,   93637,          28.97,              47.91,            ,                                                                                                                                                                                          , 3p_commissionning,         17
03/11, 5232, Elastic Calibration    ,         30, 2.639  ,    35.96 ,     37.46 ,     21.16 , 9.5          , LH2        ,         3, L         , ps5=0   ,   86276,          46.01,              43.53,            ,                                                                                                                                                                                          , 3p_commissionning,         18
03/11, 5233, Elastic Calibration    ,         30, 2.639  ,    35.96 ,     34.855,     18.555, 9.5          , LH2        ,         3, L         , ps5=0   ,   81166,          29.02,              47.61,            ,                                                                                                                                                                                          , 3p_commissionning,         19
03/11, 5234, Elastic Calibration    ,         30, 2.639  ,    35.96 ,     34.855,     18.555, 9.5          , LH2        ,         3, L         , ps5=0   ,   77803,          29.64,              45.96,            ,                                                                                                                                                                                          , 3p_commissionning,         20
03/11, 5235, Elastic Calibration    ,         30, 2.639  ,    35.96 ,     36.155,     19.855, 9.5          , LH2        ,         3, L         , ps5=0   ,   97749,          26.98,              45.31,            ,                                                                                                                                                                                          , 3p_commissionning,         21
03/11, 5236, Elastic Calibration    ,         30, 2.639  ,    35.96 ,     36.155,     19.855, 9.5          , LH2        ,         3, L         , ps5=0   ,   85369,          25.15,              39.1 ,            ,                                                                                                                                                                                          , 3p_commissionning,         22
04/03, 5508, E-P Elastic            ,         30,        ,    23    ,     37.95 ,           ,              , LH2        ,          ,           , ps4=0   ,  299302,          20.45,              20.85, off        , Nominal Hall C Target Positions Changetd to beam center in CH runs https://logbooks.jlab.org/entry/4272995; NPS Correctors off https://logbooks.jlab.org/entry/4272969; EDTM back to 40Hz, Special runs     ,         71
04/03, 5513, E-P Elastic            ,         30,        ,    23    ,     37.95 ,           ,              , LH2        ,          ,           , ps4=0   ,  352041,          24.61,              39.13, off        ,                                                                                                                                                                                          , Special runs     ,         76
04/03, 5514, E-P Elastic            ,         30,        ,    37.722,     36.83 ,           ,              , LH2        ,          ,           , ps4=0   ,   81098,          29.58,              41.91, off        , NPS Correctors off https://logbooks.jlab.org/entry/4273247; HMS Dipoe NMR https://logbooks.jlab.org/entry/4273136                                                                        , Special runs     ,         77
04/03, 5515, E-P Elastic            ,         30,        ,    37.722,     36.83 ,           ,              , LH2        ,          ,           , ps4=0   ,   84307,          30.69,              42.42, off        ,                                                                                                                                                                                          , Special runs     ,         78
04/03, 5516, E-P Elastic            ,         30,        ,    37.722,     36.83 ,           ,              , LH2        ,          ,           , ps4=0   ,   82469,          39.74,              51.14, off        ,                                                                                                                                                                                          , Special runs     ,         79
04/03, 5517, E-P Elastic            ,          5,        ,    37.722,     36.83 ,           ,              , LH2        ,          ,           , ps4=0   ,   20500,          30.62,               7.4 , off        , EDTM Set to 5Hz; Raster at 4x4 mm^2 https://logbooks.jlab.org/entry/4273329                                                                                                              , Special runs     ,         80
04/03, 5518, E-P Elastic            ,          5,        ,    37.722,     36.83 ,           ,              , LH2        ,          ,           , ps4=0   ,   20132,          29.8 ,               8.61, off        , EDTM Set to 5Hz; Raster at 4x4 mm^2                                                                                                                                                      , Special runs     ,         81
04/03, 5521, E-P Elastic            ,         15,        ,    37.722,     36.83 ,           ,              , LH2        ,          ,           , ps4=0   ,   26924,          35.21,              24.12, off        , EDTM Set to 10Hz; Raster at 4x4 mm^2                                                                                                                                                     , Special runs     ,         84
04/22, 6151, Elastic Calibration    ,         25, 2.639  ,    35.965,     37.47 ,     20.92 , 9.5          , LH2        ,         3, L         , ps5=0   ,  155820,          37.79,              35.61,            ,                                                                                                                                                                                          , 3p_commissionning,         24
04/22, 6152, Elastic Calibration    ,         25, 2.639  ,    35.965,     37.47 ,     20.92 , 9.5          , LH2        ,         3, L         , ps5=0   ,  143383,          29.26,              40   ,            ,                                                                                                                                                                                          , 3p_commissionning,         25
04/22, 6153, Elastic Calibration    ,         25, 2.639  ,    35.965,     36.17 ,     19.62 , 9.5          , LH3        ,         3, L         , ps5=0   ,  161322,          30.6 ,              43.05,            ,                                                                                                                                                                                          , 3p_commissionning,         26
04/23, 6154, Elastic Calibration    ,         25, 2.639  ,    35.965,     36.17 ,     19.62 , 9.5          , LH4        ,         3, L         , ps5=0   ,  171834,          31.56,              46.2 ,            ,                                                                                                                                                                                          , 3p_commissionning,         27
04/23, 6155, Elastic Calibration    ,         25, 2.639  ,    35.965,     34.86 ,     18.31 , 9.5          , LH5        ,         3, L         , ps5=0   ,  159684,          35.82,              44.19,            ,                                                                                                                                                                                          , 3p_commissionning,         28
04/23, 6156, Elastic Calibration    ,         25, 2.639  ,    35.965,     34.86 ,     18.31 , 9.5          , LH6        ,         3, L         , ps5=0   ,  149979,          32.14,              44.99,            ,                                                                                                                                                                                          , 3p_commissionning,         29
04/23, 6157, Elastic Calibration    ,         25, 2.639  ,    35.965,     37.47 ,     20.92 , 9.5          , LH7        ,         3, L         , ps5=0   ,  150337,          29.46,              43.03,            ,                                                                                                                                                                                          , 3p_commissionning,         30
04/23, 6158, Elastic Calibration    ,         25, 2.639  ,    35.965,     37.47 ,     20.92 , 9.5          , LH8        ,         3, L         , ps5=0   ,  149041,          30.04,              41.27,            ,                                                                                                                                                                                          , 3p_commissionning,         31
04/23, 6159, Elastic Calibration    ,         25, 2.639  ,    35.965,     36.17 ,     19.62 , 9.5          , LH9        ,         3, L         , ps5=0   ,  160994,          31.95,              41.03,            ,                                                                                                                                                                                          , 3p_commissionning,         32
04/23, 6160, Elastic Calibration    ,         25, 2.639  ,    35.965,     36.17 ,     19.62 , 9.5          , LH10       ,         3, L         , ps5=0   ,  167315,          32.49,              43.02,            ,                                                                                                                                                                                          , 3p_commissionning,         33
04/23, 6161, Elastic Calibration    ,         25, 2.639  ,    35.965,     34.86 ,     18.31 , 9.5          , LH11       ,         3, L         , ps5=0   ,  166122,          34.4 ,              51.06,            ,                                                                                                                                                                                          , 3p_commissionning,         34
04/23, 6162, Elastic Calibration    ,         25, 2.639  ,    35.965,     34.86 ,     18.31 , 9.5          , LH12       ,         3, L         , ps5=0   ,  152260,          31.57,              46.96,            ,                                                                                                                                                                                          , 3p_commissionning,         35
04/23, 6163, Elastic Calibration    ,         25, 2.639  ,    35.965,     37.47 ,     20.92 , 9.5          , LH13       ,         3, L         , ps5=0   ,  124207,          26.02,              33.58,            ,                                                                                                                                                                                          , 3p_commissionning,         36
04/23, 6164, Elastic Calibration    ,         25, 2.639  ,    35.965,     37.47 ,     20.92 , 9.5          , LH14       ,         3, L         , ps5=0   ,  175646,          36.45,              47.98,            ,                                                                                                                                                                                          , 3p_commissionning,         37
04/23, 6165, Elastic Calibration    ,         25, 2.639  ,    35.965,     36.17 ,     19.62 , 9.5          , LH15       ,         3, L         , ps5=0   ,  161712,          31.45,              42.28,            ,                                                                                                                                                                                          , 3p_commissionning,         38
04/23, 6166, Elastic Calibration    ,         25, 2.639  ,    35.965,     36.17 ,     19.62 , 9.5          , LH15       ,         3, L         , ps5=0   ,  170832,          31.36,              46.39,            ,                                                                                                                                                                                          , 3p_commissionning,         39
04/23, 6167, Elastic Calibration    ,         25, 2.639  ,    35.965,     34.86 ,     18.31 , 9.5          , LH15       ,         3, L         , ps5=0   ,  110718,          23.11,              33.79,            ,                                                                                                                                                                                          , 3p_commissionning,         40
04/23, 6168, Elastic Calibration    ,         25, 2.639  ,    35.965,     34.86 ,     18.31 , 9.5          , LH15       ,         3, L         , ps5=0   ,   82420,          18.18,              24.04,            ,                                                                                                                                                                                          , 3p_commissionning,         41
04/24, 6171, Elastic Calibration    ,         20, 3.1615 ,    30.765,     36.265,     22.965, 9.5          , LH2        ,         4, L         , ps5=0   ,   24300,          32.25,              33.8 ,            ,                                                                                                                                                                                          , 4p_commissionning,         28
04/24, 6172, Elastic Calibration    ,         20, 3.1615 ,    30.765,     36.265,     22.965, 9.5          , LH2        ,         4, L         , ps5=0   ,   21366,          31.95,              27.18,            ,                                                                                                                                                                                          , 4p_commissionning,         29
04/24, 6173, Elastic Calibration    ,         20, 3.1615 ,    30.765,     35.06 ,     21.76 , 9.5          , LH2        ,         4, L         , ps5=0   ,   24274,          34.96,              29.18,            ,                                                                                                                                                                                          , 4p_commissionning,         30
04/24, 6174, Elastic Calibration    ,         20, 3.1615 ,    30.765,     35.06 ,     21.76 , 9.5          , LH2        ,         4, L         , ps5=0   ,   24307,          31.97,              30.98,            ,                                                                                                                                                                                          , 4p_commissionning,         31
04/24, 6175, Elastic Calibration    ,         20, 3.1615 ,    30.765,     33.855,     20.555, 9.5          , LH2        ,         4, L         , ps5=0   ,   23163,          32.31,              33.43,            ,                                                                                                                                                                                          , 4p_commissionning,         32
04/24, 6176, Elastic Calibration    ,         20, 3.1615 ,    30.765,     33.855,     20.555, 9.5          , LH2        ,         4, L         , ps5=0   ,   20737,          29.98,              28.9 ,            ,                                                                                                                                                                                          , 4p_commissionning,         33
04/24, 6177, Elastic Calibration    ,         20, 3.1615 ,    30.765,     36.262,     22.962, 9.5          , LH2        ,         4, L         , ps5=0   ,   21522,          31.29,              27.62,            ,                                                                                                                                                                                          , 4p_commissionning,         34
04/24, 6178, Elastic Calibration    ,         20, 3.1615 ,    30.765,     35.058,     21.758, 9.5          , LH2        ,         4, L         , ps5=0   ,   22004,          23.6 ,              30.18,            ,                                                                                                                                                                                          , 4p_commissionning,         35
04/24, 6179, Elastic Calibration    ,         30, 3.1615 ,    30.765,     33.85 ,     20.55 , 9.5          , LH2        ,         4, L         , ps5=0   ,   35501,          30.08,              59.92,            ,                                                                                                                                                                                          , 4p_commissionning,         36
04/24, 6180, Elastic Calibration    ,         38, 3.1615 ,    30.765,     33.85 ,     20.55 , 9.5          , LH2        ,         4, L         , ps5=0   ,   46708,          45.41,              72.59,            , Updated NPS HV                                                                                                                                                                           , 4p_commissionning,         37
04/24, 6182, Elastic Calibration    ,         38, 3.1615 ,    30.765,     35.053,     21.753, 9.5          , LH2        ,         4, L         , ps5=0   ,   55731,          44.07,              83.8 ,            , Updated NPS HV                                                                                                                                                                           , 4p_commissionning,         39
04/24, 6183, Elastic Calibration    ,         38, 3.1615 ,    30.765,     36.26 ,     22.96 , 9.5          , LH2        ,         4, L         , ps5=0   ,   45624,          42.34,              71.42,            , Updated NPS HV                                                                                                                                                                           , 4p_commissionning,         40
05/09, 6706, HMS Elastic Production ,         30, -4.042 ,    24.855,     37.505,     21.205, 3.5m         , LH2        ,         3, Large     , ps4=0   ,  245623,          30.02,              48.96,            ,                                                                                                                                                                                          , Special runs     ,        109
05/09, 6708, HMS Elastic Production ,         30, -4.042 ,    23.287,     37.505,     21.205, 3.5m         , LH2        ,         3, Large     , ps4=0   ,  185456,          16.4 ,              13.23,            ,                                                                                                                                                                                          , Special runs     ,        111
05/13, 6828, HMS Elastic Production ,         20, -4.042 ,    24.86 ,     37.5  ,     21.2  , 3.5m         , LH2        ,         3, Large     , ps4=0   ,  184254,          32.72,              32.87,            , "25psi, 58Hz"                                                                                                                                                                            , Special runs     ,        113
05/13, 6829, HMS Elastic Production ,         20, -4.042 ,    24.86 ,     37.5  ,     21.2  , 3.5m         , LH2        ,         3, Large     , ps4=0   ,  190845,          31.51,              35.98,            , "25psi, 58Hz"                                                                                                                                                                            , Special runs     ,        114
05/13, 6830, HMS Elastic Production ,         20, -4.042 ,    24.86 ,     37.5  ,     21.2  , 3.5m         , LH2        ,         3, Large     , ps4=0   ,  202179,          34.28,              37.72,            , "25psi, 58Hz"                                                                                                                                                                            , Special runs     ,        115
05/13, 6831, HMS Elastic Production ,         20, -4.042 ,    24.86 ,     37.5  ,     21.2  , 3.5m         , LH2        ,         3, Large     , ps4=0   ,  215411,          36.3 ,              38.54,            , "25psi, 52Hz"                                                                                                                                                                            , Special runs     ,        116
05/13, 6832, HMS Elastic Production ,         20, -4.042 ,    24.86 ,     37.5  ,     21.2  , 3.5m         , LH2        ,         3, Large     , ps4=0   ,  184798,          30.75,              33.23,            , "25psi, 52Hz"                                                                                                                                                                            , Special runs     ,        117
05/13, 6833, HMS Elastic Production ,         20, -4.042 ,    24.86 ,     37.5  ,     21.2  , 3.5m         , LH2        ,         3, Large     , ps4=0   ,  180565,          30.94,              32.04,            , "25psi, 52Hz"                                                                                                                                                                            , Special runs     ,        118
05/13, 6834, HMS Elastic Production ,         20, -4.042 ,    24.86 ,     37.5  ,     21.2  , 3.5m         , LH2        ,         3, Large     , ps4=0   ,  246946,          40.85,              45.13,            , "25psi, 48Hz"                                                                                                                                                                            , Special runs     ,        119
05/13, 6835, HMS Elastic Production ,         20, -4.042 ,    24.86 ,     37.5  ,     21.2  , 3.5m         , LH2        ,         3, Large     , ps4=0   ,  172759,          29.92,              30.95,            , "25psi, 48Hz"                                                                                                                                                                            , Special runs     ,        120
05/13, 6836, HMS Elastic Production ,         20, -4.042 ,    24.86 ,     37.5  ,     21.2  , 3.5m         , LH2        ,         3, Large     , ps4=0   ,  210810,          33.27,              40.14,            , "25psi, 48Hz"                                                                                                                                                                            , Special runs     ,        121
05/13, 6837, HMS Elastic Production ,         20, -4.042 ,    24.86 ,     37.5  ,     21.2  , 3.5m         , LH2        ,         3, Large     , ps4=0   ,   31967,           4.49,               5.51,            , "40psi, 42Hz"                                                                                                                                                                            , Special runs     ,        122
05/13, 6838, HMS Elastic Production ,         20, -4.042 ,    24.86 ,     37.5  ,     21.2  , 3.5m         , LH2        ,         3, Large     , ps4=0   ,  237590,          37.63,              38.9 ,            , "40psi, 42Hz"                                                                                                                                                                            , Special runs     ,        123
05/13, 6839, HMS Elastic Production ,         20, -4.042 ,    24.86 ,     37.5  ,     21.2  , 3.5m         , LH2        ,         3, Large     , ps4=0   ,  199617,          29.91,              33.94,            , "40psi, 42Hz"                                                                                                                                                                            , Special runs     ,        124
05/13, 6840, HMS Elastic Production ,         20, -4.042 ,    24.86 ,     37.5  ,     21.2  , 3.5m         , LH2        ,         3, Large     , ps4=0   ,  200551,          29.62,              34.09,            , "40psi, 42Hz"                                                                                                                                                                            , Special runs     ,        125
05/13, 6841, HMS Elastic Production ,         20, -2.638 ,    37.714,     36.83 ,     20.53 , 3.5m         , LH2        ,         3, Large     , ps4=0   ,  174513,          63.02,              66.84,            , "40psi, 42Hz; CODA config: coin"                                                                                                                                                         , Special runs     ,        126
