run_number,kinematic_setting,run_type,HEL_charge_before_cut_uC,HEL_neg_charge_before_cut_uC,HEL_pos_charge_before_cut_uC,HEL_charge_after_cut_uC,HEL_neg_charge_after_cut_uC,HEL_pos_charge_after_cut_uC,HMS_pid_eff,HMS_cal_eff_tag_cer,HMS_cer_eff_tag_cal,HMS_tracking_eff,HMS_hodo_3of4_eff,NewGen_EDTM_livetime,NewGen_EDTM_num,NewGen_EDTM_den,NewGen_EDTM_peak,NewGen_EDTM_num_good_event_gated,NewGen_EDTM_den_evcount_gated_value,NewGen_EDTM_den_evcount_gated,prescale_token,ps_factor,which_TRIG,prescale_valid,prescale_multiple_enabled,prescale_message,beam_time,HMS_S1X_rate_Hz,HMS_S1X_rate_rms_Hz,file_source_used,segment_count_found,n_segments,run_processing_status,missing_branch_segments,selection_failed_segments,negative_dt_intervals,non_monotonic_scaler_steps,missing_s1x_segments,HMS_pid_eff_err,HMS_cal_eff_tag_cer_err,HMS_cer_eff_tag_cal_err,HMS_tracking_eff_err,HMS_hodo_3of4_eff_err,NewGen_EDTM_livetime_err
4253,"KinC_x60_4b","production",85136.72772978,42398.68087933,42424.57776330,80352.73650068,40164.48110367,40188.25539702,0.94469544,0.98577608,0.99420303,0.99576152,0.99067622,1.00039076,81924,81892.00000000,2025.00000000,81016,63275.00000000,1,"ps6=0",1.00000000,"H.hTRIG6.scaler",1,0,"selected sole enabled assignment ps6=0",1583.72256300,45715.27910978,904.00082833,"updated",2,2,"processed",0,0,0,0,0,0.00034024,0.00018005,0.00011593,0.00011836,0.00014306,0.00494335
4254,"KinC_x60_4b","production",129141.18358235,64317.49239298,64347.71879472,122925.66360418,61449.11945616,61476.54414801,0.94490144,0.98572577,0.99391129,0.99572324,0.99078309,1.00039931,125266,125216.00000000,2025.00000000,123946,94781.00000000,1,"ps6=0",1.00000000,"H.hTRIG6.scaler",1,0,"selected sole enabled assignment ps6=0",2372.20823500,45803.56665021,875.15872541,"updated",3,3,"processed",0,0,0,0,0,0.00027566,0.00014637,0.00009639,0.00009669,0.00011545,0.00399775
4255,"KinC_x60_4b","production",19168.70510530,9543.49293157,9547.53971319,18132.23188153,9064.49499612,9067.73688540,0.94331863,0.98585495,0.99385488,0.99645699,0.99095192,1.00000000,36899,36899.00000000,2025.00000000,36337,28217.00000000,1,"ps6=0",1.00000000,"H.hTRIG6.scaler",1,0,"selected sole enabled assignment ps6=0",706.24142300,23299.74207701,469.18935095,"updated",1,1,"processed",0,0,0,0,0,0.00099978,0.00052197,0.00034683,0.00031508,0.00040941,0.00736220
4256,"KinC_x60_4b","production",27715.99661252,13834.89209863,13840.74333471,27161.35300605,13577.87374230,13583.47926375,0.94111425,0.98547391,0.99357914,0.99675702,0.98997213,0.99998163,108859,108861.00000000,2025.00000000,108120,98881.00000000,1,"ps6=0",1.00000000,"H.hTRIG6.scaler",1,0,"selected sole enabled assignment ps6=0",2474.84521000,11913.71035282,260.05357137,"updated",1,1,"processed",0,0,0,0,0,0.00106171,0.00055218,0.00037013,0.00031447,0.00044936,0.00428620
4259,"KinC_x60_4b","production",33178.98582473,16506.76422049,16515.24298394,31523.34038664,15756.99110615,15766.34928049,0.94484576,0.98616285,0.99424688,0.99511574,0.99028356,1.03197539,6642,32181.00000000,2005.00000000,6552,20740.00000000,1,"ps6=3",5.00000000,"H.hTRIG6.scaler",1,0,"selected sole enabled assignment ps6=3",519.06317100,45808.55535212,925.60331289,"updated",1,1,"processed",0,0,0,0,0,0.00121500,0.00063518,0.00041293,0.00045435,0.00052208,0.01390800
4260,"KinC_x60_4b","production",23866.32953165,11869.92666516,11875.97166524,22469.90180128,11231.44435535,11238.45744593,0.86945668,0.96752233,0.99239339,0.99535063,0.98659638,1.00245290,30651,30576.00000000,2025.00000000,30176,20994.00000000,1,"ps6=0",1.00000000,"H.hTRIG6.scaler",1,0,"selected sole enabled assignment ps6=0",525.48366500,44520.44574973,723.52990303,"updated",1,1,"processed",0,0,0,0,0,0.00110277,0.00061209,0.00030384,0.00028494,0.00037641,0.00810257
4261,"KinC_x60_4b","production",23612.31908824,11763.45931377,11771.08799002,22969.86104158,11481.24220244,11488.61883914,0.87098678,0.96819350,0.99202540,0.99534348,0.98696422,0.99997851,46529,46530.00000000,2025.00000000,46101,36756.00000000,1,"ps6=0",1.00000000,"H.hTRIG6.scaler",1,0,"selected sole enabled assignment ps6=0",919.94597200,29907.40960601,455.48509166,"updated",1,1,"processed",0,0,0,0,0,0.00135740,0.00074920,0.00038438,0.00035219,0.00045931,0.00655604
4262,"KinC_x60_4b","production",63385.04600471,31483.00274047,31504.44258975,60093.85958061,30036.02678097,30057.83279963,0.91239259,0.97875941,0.99312962,0.99592423,0.98885915,0.99807853,122067,122302.00000000,2005.00000000,120302,45225.00000000,1,"ps6=0",1.00000000,"H.hTRIG6.scaler",1,0,"selected sole enabled assignment ps6=0",1131.96122700,45163.05663180,807.29968779,"updated",6,6,"processed",0,0,0,0,0,0.00025769,0.00013611,0.00007855,0.00007251,0.00009567,0.00403805
4263,"KinC_x60_4b","production",66676.89978255,33065.26152116,33067.13729653,65054.25152977,32527.21833739,32527.03319237,0.91233192,0.97844285,0.99322306,0.99575386,0.98880085,1.00179910,132526,132288.00000000,2025.00000000,130886,60630.00000000,1,"ps6=0",1.00000000,"H.hTRIG6.scaler",1,0,"selected sole enabled assignment ps6=0",1517.42199300,45238.96471560,622.16100686,"updated",6,6,"processed",0,0,0,0,0,0.00024813,0.00013196,0.00007510,0.00007119,0.00009233,0.00389350
4264,"KinC_x60_4b","production",66774.47661129,33078.41741150,33078.08067733,65139.50180065,32568.64812085,32569.52030218,0.91217666,0.97870155,0.99327487,0.99591367,0.98872201,1.00030872,132849,132808.00000000,2025.00000000,131060,63543.00000000,1,"ps6=0",1.00000000,"H.hTRIG6.scaler",1,0,"selected sole enabled assignment ps6=0",1590.34949800,44941.05923879,651.17735909,"updated",6,6,"processed",0,0,0,0,0,0.00024827,0.00013118,0.00007481,0.00006988,0.00009263,0.00388153
4265,"KinC_x60_4b","production",69041.04377936,34242.68029627,34245.16338647,67653.87835755,33826.09237064,33827.78598691,0.91242152,0.97879692,0.99317835,0.99612490,0.98886012,1.00151722,137961,137752.00000000,2025.00000000,136302,70131.00000000,1,"ps6=0",1.00000000,"H.hTRIG6.scaler",1,0,"selected sole enabled assignment ps6=0",1755.20990800,45216.10357728,652.37883726,"updated",7,7,"processed",0,0,0,0,0,0.00024375,0.00012866,0.00007405,0.00006688,0.00009050,0.00381470
4266,"KinC_x60_4b","production",35609.16057555,17715.88165094,17716.10156989,35042.35955729,17520.25941079,17522.10014651,0.91207192,0.97858496,0.99321003,0.99618888,0.98865846,1.00096388,94501,94410.00000000,2025.00000000,93704,68440.00000000,1,"ps6=0",1.00000000,"H.hTRIG6.scaler",1,0,"selected sole enabled assignment ps6=0",1712.94708100,34103.59470410,502.46092419,"updated",3,3,"processed",0,0,0,0,0,0.00038339,0.00020300,0.00011602,0.00010422,0.00014336,0.00460596
4267,"KinC_x60_4b","production",23685.70650798,11823.12272445,11823.17417357,23326.19419381,11663.08820301,11663.10599080,0.91152575,0.97866928,0.99344398,0.99617241,0.98898174,0.99992510,93449,93456.00000000,2025.00000000,92886,81795.00000000,1,"ps6=0",1.00000000,"H.hTRIG6.scaler",1,0,"selected sole enabled assignment ps6=0",2047.23033300,22928.25494199,381.76252060,"updated",1,1,"processed",0,0,0,0,0,0.00056813,0.00029951,0.00016855,0.00015430,0.00020884,0.00462580
4270,"KinC_x60_4b","production",18796.87905347,9319.37148168,9320.66705752,18052.78990990,9026.66114016,9026.12876974,0.91017423,0.97806099,0.99322076,0.99571061,0.98888826,1.00518807,7440,37008.00000000,1965.00000000,7309,15013.00000000,1,"ps6=3",5.00000000,"H.hTRIG6.scaler",1,0,"selected sole enabled assignment ps6=3",375.75998700,44986.33858000,954.04855833,"updated",2,2,"processed",0,0,0,0,0,0.00107440,0.00057058,0.00032209,0.00030651,0.00039388,0.01277142
4300,"KinC_x60_4b","production",101954.48697806,50574.07944698,50606.22192280,92504.02929045,46241.31209144,46262.71719901,0.94455314,0.98574710,0.99388745,0.99676084,0.99053190,0.99884534,96021,96132.00000000,1755.00000000,94398,52199.00000000,1,"ps4=0",1.00000000,"H.hTRIG4.scaler",1,0,"selected sole enabled assignment ps4=0",1306.45167900,45397.52441927,1116.28097192,"updated",5,5,"processed",0,0,0,0,0,0.00017694,0.00009362,0.00006182,0.00005390,0.00007487,0.00455727
4301,"KinC_x60_4b","production",115420.68771157,57162.50161689,57189.51627736,106831.43321791,53405.77311867,53425.66009924,0.94481373,0.98586529,0.99388420,0.99679791,0.99077915,0.99765260,110501,110761.00000000,1765.00000000,108990,56555.00000000,1,"ps4=0",1.00000000,"H.hTRIG4.scaler",1,0,"selected sole enabled assignment ps4=0",1415.44824900,45624.08342772,961.37130114,"updated",6,6,"processed",0,0,0,0,0,0.00016433,0.00008678,0.00005755,0.00004986,0.00006879,0.00424186
4302,"KinC_x60_4b","production",140945.75466019,69774.41821985,69792.12980763,137161.17430077,68569.43831367,68591.73598710,0.94463181,0.98589010,0.99407885,0.99678506,0.99060031,1.00165841,141937,141702.00000000,1765.00000000,140413,62858.00000000,1,"ps4=0",1.00000000,"H.hTRIG4.scaler",1,0,"selected sole enabled assignment ps4=0",1573.21043700,45745.63981233,780.64305583,"updated",8,8,"processed",0,0,0,0,0,0.00014503,0.00007641,0.00004991,0.00004403,0.00006119,0.00376155
4303,"KinC_x60_4b","production",125771.64094307,62409.16792207,62424.51592666,119309.36116141,59650.34111198,59659.02004943,0.94471757,0.98598052,0.99388680,0.99679907,0.99064783,0.99766461,123459,123748.00000000,1765.00000000,122352,54350.00000000,1,"ps4=0",1.00000000,"H.hTRIG4.scaler",1,0,"selected sole enabled assignment ps4=0",1360.29078900,45193.76114073,944.90657096,"updated",7,7,"processed",0,0,0,0,0,0.00015554,0.00008175,0.00005442,0.00004716,0.00006551,0.00401314
4304,"KinC_x60_4b","production",34069.87368358,16915.21428829,16922.96773687,33358.25517323,16677.24516548,16681.01000775,0.94492489,0.98612898,0.99400557,0.99696238,0.99071986,0.99917579,46067,46105.00000000,1755.00000000,45662,27887.00000000,1,"ps4=0",1.00000000,"H.hTRIG4.scaler",1,0,"selected sole enabled assignment ps4=0",697.97115000,34075.01298585,566.54736784,"updated",2,2,"processed",0,0,0,0,0,0.00029268,0.00015329,0.00010157,0.00008655,0.00012302,0.00658222
4305,"KinC_x60_4b","production",20268.94775273,10061.30712253,10066.33103532,19417.72662088,9708.07439042,9709.65223046,0.94423235,0.98613443,0.99417875,0.99694408,0.99100133,1.00169720,40134,40066.00000000,1775.00000000,39734,27851.00000000,1,"ps4=0",1.00000000,"H.hTRIG4.scaler",1,0,"selected sole enabled assignment ps4=0",697.05097500,23173.55197731,444.21245501,"updated",1,1,"processed",0,0,0,0,0,0.00038433,0.00020014,0.00013074,0.00011324,0.00015816,0.00707423
4306,"KinC_x60_4b","production",23506.79460004,11734.07987934,11737.66089079,23292.28897504,11644.39082331,11647.89815173,0.94489973,0.98624995,0.99427575,0.99704190,0.99125199,0.99988414,94929,94940.00000000,1755.00000000,94569,82149.00000000,1,"ps4=0",1.00000000,"H.hTRIG4.scaler",1,0,"selected sole enabled assignment ps4=0",2056.06434800,11865.39955509,201.33427489,"updated",1,1,"processed",0,0,0,0,0,0.00034925,0.00018210,0.00011845,0.00010197,0.00014253,0.00458937
4308,"KinC_x60_4b","production",33272.76961951,16111.72829437,16117.29480527,31269.15832368,15633.11685621,15636.04146747,0.94524604,0.98564117,0.99411599,0.99708639,0.99045828,1.00232144,16623,33169.00000000,1765.00000000,16049,0.00000000,1,"ps4=1",2.00000000,"H.hTRIG4.scaler",1,0,"selected sole enabled assignment ps4=1",0.00000000,nan,nan,"updated",6,6,"processed",0,0,0,0,0,0.00042688,0.00022795,0.00014717,0.00012406,0.00018241,0.00952502
4309,"KinC_x60_4b","production",10441.45175055,5161.42780575,5163.40062183,10294.85837696,5145.96001439,5148.89836256,0.86396310,0.96663718,0.99258128,0.99660157,0.98671978,0.99944169,14321,14329.00000000,1725.00000000,14156,3304.00000000,1,"ps4=0",1.00000000,"H.hTRIG4.scaler",1,0,"selected sole enabled assignment ps4=0",82.69543600,43478.07054310,463.87338538,"updated",1,1,"processed",0,0,0,0,0,0.00083907,0.00046491,0.00022511,0.00018319,0.00028017,0.01180933
4311,"KinC_x60_4b","production",23309.75956752,11613.85200263,11619.62051507,23216.01719542,11605.44273278,11610.57446264,0.86361008,0.96695871,0.99225911,0.99705233,0.98579156,0.99924956,47936,47972.00000000,1765.00000000,47740,37011.00000000,1,"ps4=0",1.00000000,"H.hTRIG4.scaler",1,0,"selected sole enabled assignment ps4=0",926.32167600,29337.30765899,330.22468971,"production",1,1,"processed",0,0,0,0,0,0.00055764,0.00030731,0.00015264,0.00011320,0.00019229,0.00645322
4312,"KinC_x60_4b","production",24695.70893025,12152.95038013,12157.65479625,23522.81989092,11760.07152131,11762.74836961,0.91235877,0.97876148,0.99308991,0.99685976,0.98885717,0.99675982,49220,49380.00000000,1765.00000000,48219,10113.00000000,1,"ps4=0",1.00000000,"H.hTRIG4.scaler",1,0,"selected sole enabled assignment ps4=0",253.09299600,43928.76205867,886.91048498,"updated",5,5,"processed",0,0,0,0,0,0.00027358,0.00014448,0.00008362,0.00006770,0.00010156,0.00634867
4313,"KinC_x60_4b","production",5820.82705769,2838.80738786,2838.37358060,5643.27549617,2820.88108526,2822.39441091,0.91253579,0.97887324,0.99323812,0.99690712,0.98887944,0.99771458,11787,11814.00000000,1735.00000000,11559,0.00000000,1,"ps4=0",1.00000000,"H.hTRIG4.scaler",1,0,"selected sole enabled assignment ps4=0",0.00000000,nan,nan,"updated",1,1,"processed",0,0,0,0,0,0.00055914,0.00029478,0.00016922,0.00013742,0.00020755,0.01298887
4314,"KinC_x60_4b","production",19891.84808316,9795.00619445,9794.02579382,19131.91742447,9565.26095704,9566.65646742,0.91246566,0.97904740,0.99308192,0.99685815,0.98898870,0.99969949,39920,39932.00000000,1735.00000000,39217,7071.00000000,1,"ps4=0",1.00000000,"H.hTRIG4.scaler",1,0,"selected sole enabled assignment ps4=0",176.98003300,44389.46510989,746.00387685,"updated",4,4,"processed",0,0,0,0,0,0.00030325,0.00015919,0.00009278,0.00007507,0.00011197,0.00707549
4315,"KinC_x60_4b","production",29193.00238678,14402.09553556,14408.88743917,27656.33737282,13825.97078355,13830.36658927,0.91252649,0.97901678,0.99338804,0.99688642,0.98898131,0.99876270,57312,57383.00000000,1755.00000000,56502,14731.00000000,1,"ps4=0",1.00000000,"H.hTRIG4.scaler",1,0,"selected sole enabled assignment ps4=0",368.75188400,44481.03104471,854.72241656,"updated",5,5,"processed",0,0,0,0,0,0.00025226,0.00013255,0.00007550,0.00006219,0.00009320,0.00589821
4316,"KinC_x60_4b","production",19524.28856625,9606.21980426,9610.90116858,18971.54856247,9484.42613717,9487.12242530,0.91222234,0.97870999,0.99332190,0.99681567,0.98889079,1.00027869,39482,39471.00000000,1755.00000000,38946,5177.00000000,1,"ps4=0",1.00000000,"H.hTRIG4.scaler",1,0,"selected sole enabled assignment ps4=0",129.58484800,44263.85560139,441.94149616,"updated",4,4,"processed",0,0,0,0,0,0.00030523,0.00016128,0.00009168,0.00007598,0.00011306,0.00711978
4317,"KinC_x60_4b","production",2301.50258318,1111.68898777,1110.60871469,2202.98717284,1101.70741244,1101.27976040,0.91162675,0.97942400,0.99347436,0.99670070,0.98898204,0.99873817,4749,4755.00000000,1815.00000000,4554,0.00000000,1,"ps4=0",1.00000000,"H.hTRIG4.scaler",1,0,"selected sole enabled assignment ps4=0",0.00000000,nan,nan,"updated",1,1,"processed",0,0,0,0,0,0.00089668,0.00046485,0.00026554,0.00022676,0.00032977,0.02048937
4318,"KinC_x60_4b","production",nan,nan,nan,nan,nan,nan,nan,nan,nan,nan,nan,nan,0,nan,nan,0,nan,0,"ps4=0",1.00000000,"H.hTRIG4.scaler",1,0,"selected sole enabled assignment ps4=0",nan,nan,nan,"none",0,0,"missing_root_files",0,0,0,0,0,nan,nan,nan,nan,nan,nan
4319,"KinC_x60_4b","production",6199.70771114,3020.68309359,3024.88883998,5996.75601899,2996.89398520,2999.86203379,0.91212117,0.97912388,0.99352380,0.99691954,0.98880182,0.99451990,12522,12591.00000000,1765.00000000,12325,2026.00000000,1,"ps4=0",1.00000000,"H.hTRIG4.scaler",1,0,"selected sole enabled assignment ps4=0",50.71150700,44266.91559373,332.81646561,"updated",2,2,"processed",0,0,0,0,0,0.00054356,0.00028439,0.00016073,0.00013310,0.00020203,0.01255151
4320,"KinC_x60_4b","production",4702.35516116,2322.35500673,2322.50775015,4631.02646019,2315.43440999,2315.59205020,0.91185442,0.97901648,0.99356010,0.99706151,0.98931670,0.99953275,12835,12841.00000000,1755.00000000,12687,1856.00000000,1,"ps4=0",1.00000000,"H.hTRIG4.scaler",1,0,"selected sole enabled assignment ps4=0",46.45415800,33137.44272364,291.14493189,"updated",1,1,"processed",0,0,0,0,0,0.00061845,0.00032397,0.00018214,0.00014763,0.00022427,0.01247565
4321,"KinC_x60_4b","production",nan,nan,nan,nan,nan,nan,nan,nan,nan,nan,nan,nan,0,nan,nan,0,nan,0,"ps4=0",1.00000000,"H.hTRIG4.scaler",1,0,"selected sole enabled assignment ps4=0",nan,nan,nan,"none",0,0,"missing_root_files",0,0,0,0,0,nan,nan,nan,nan,nan,nan
4323,"KinC_x60_4b","production",nan,nan,nan,nan,nan,nan,nan,nan,nan,nan,nan,nan,0,nan,nan,0,nan,0,"ps4=0",1.00000000,"H.hTRIG4.scaler",1,0,"selected sole enabled assignment ps4=0",nan,nan,nan,"none",0,0,"missing_root_files",0,0,0,0,0,nan,nan,nan,nan,nan,nan
4324,"KinC_x60_4b","production",283.72951318,103.32200460,103.14671715,182.54593464,90.92310978,91.62282485,0.91721854,0.98149606,0.99085851,0.99774266,0.99411332,1.14375000,183,480.00000000,1725.00000000,121,0.00000000,1,"ps4=2",3.00000000,"H.hTRIG4.scaler",1,0,"selected sole enabled assignment ps4=2",0.00000000,nan,nan,"updated",1,1,"processed",0,0,0,0,0,0.00528540,0.00267399,0.00189740,0.00112739,0.00146733,0.09936689
4349,"KinC_x60_4b","production",121156.63177562,60146.90366362,60159.43952537,109799.84849897,54892.52062077,54907.32787821,0.94490172,0.98597765,0.99418062,0.99691053,0.99068632,0.99975407,113827,113855.00000000,1755.00000000,111972,56736.00000000,1,"ps4=0",1.00000000,"H.hTRIG4.scaler",1,0,"selected sole enabled assignment ps4=0",1419.94037200,45531.30207076,951.55691301,"production",6,6,"processed",0,0,0,0,0,0.00016117,0.00008484,0.00005511,0.00004810,0.00006785,0.00419043
4350,"KinC_x60_4b","production",114747.49721406,56845.99371056,56861.41390115,101971.48577696,50979.03157154,50992.45420541,0.94479991,0.98590394,0.99409090,0.99693697,0.99071663,1.00132499,105801,105661.00000000,1765.00000000,103784,38525.00000000,1,"ps4=0",1.00000000,"H.hTRIG4.scaler",1,0,"selected sole enabled assignment ps4=0",964.22205200,45313.18165704,1084.66009009,"production",6,6,"processed",0,0,0,0,0,0.00016756,0.00008836,0.00005768,0.00004978,0.00007037,0.00435501
4351,"KinC_x60_4b","production",123449.86819969,61190.81051344,61216.05758859,117289.91578350,58629.24435587,58660.67142763,0.94487821,0.98588312,0.99396547,0.99699673,0.99065244,0.99856876,120701,120874.00000000,1755.00000000,119446,51679.00000000,1,"ps4=0",1.00000000,"H.hTRIG4.scaler",1,0,"selected sole enabled assignment ps4=0",1293.41171000,45989.05865790,863.88933397,"updated",7,7,"processed",0,0,0,0,0,0.00015608,0.00008242,0.00005433,0.00004591,0.00006581,0.00406333
4352,"KinC_x60_4b","production",3355.01019852,1599.08746438,1599.56366041,3157.14403134,1579.00689997,1578.13713137,0.94471112,0.98548595,0.99445278,0.99700615,0.99067794,0.99793510,3383,3390.00000000,1735.00000000,3219,0.00000000,1,"ps4=0",1.00000000,"H.hTRIG4.scaler",1,0,"selected sole enabled assignment ps4=0",0.00000000,nan,nan,"updated",1,1,"processed",0,0,0,0,0,0.00095311,0.00050941,0.00031779,0.00027998,0.00040077,0.02425169
4353,"KinC_x60_4b","production",37998.39411040,18880.12843050,18884.50106016,36582.34234521,18287.74044622,18294.60189900,0.94503327,0.98581279,0.99461951,0.99712645,0.99080929,1.00091745,50185,50139.00000000,1755.00000000,49656,28863.00000000,1,"ps4=0",1.00000000,"H.hTRIG4.scaler",1,0,"selected sole enabled assignment ps4=0",722.41264600,34896.41569757,737.42373111,"production",2,2,"processed",0,0,0,0,0,0.00027837,0.00014753,0.00009166,0.00008020,0.00011655,0.00632013
4354,"KinC_x60_4b","production",3549.82710171,1735.67458165,1734.58648539,3451.01597472,1725.73020487,1725.28576986,0.94618537,0.98668552,0.99449949,0.99667178,0.99069987,0.99986072,7179,7180.00000000,1755.00000000,7004,0.00000000,1,"ps4=0",1.00000000,"H.hTRIG4.scaler",1,0,"selected sole enabled assignment ps4=0",0.00000000,nan,nan,"updated",1,1,"processed",0,0,0,0,0,0.00089589,0.00046470,0.00030105,0.00027982,0.00038110,0.01668812
4355,"KinC_x60_4b","production",24728.87049722,12344.73931800,12345.65959294,24252.49257710,12125.09088591,12127.40169119,0.94510073,0.98608315,0.99476067,0.99720475,0.99105079,0.99981640,98021,98039.00000000,1775.00000000,97497,89939.00000000,1,"ps4=0",1.00000000,"H.hTRIG4.scaler",1,0,"selected sole enabled assignment ps4=0",2251.00393300,12031.19577135,264.50042221,"production",1,1,"processed",0,0,0,0,0,0.00034139,0.00017934,0.00011101,0.00009701,0.00014115,0.00451602
4356,"KinC_x60_4b","production",24700.13554395,11958.78502028,11962.38431508,22932.26039107,11466.72676333,11465.53362773,0.94503183,0.98592193,0.99431879,0.99698058,0.99080816,0.99829727,12019,24079.00000000,1745.00000000,11628,0.00000000,1,"ps4=1",2.00000000,"H.hTRIG4.scaler",1,0,"selected sole enabled assignment ps4=1",0.00000000,nan,nan,"updated",5,5,"processed",0,0,0,0,0,0.00049999,0.00026398,0.00016912,0.00014782,0.00020935,0.01114931
4357,"KinC_x60_4b","production",9125.98527335,4505.36022221,4506.16703300,8967.50561094,4483.42631060,4484.07930034,0.86434633,0.96671990,0.99268653,0.99673136,0.98628022,1.00609360,12383,12308.00000000,1775.00000000,12169,1266.00000000,1,"ps4=0",1.00000000,"H.hTRIG4.scaler",1,0,"selected sole enabled assignment ps4=0",31.68446000,45016.89471747,369.23788948,"updated",1,1,"processed",0,0,0,0,0,0.00089506,0.00049584,0.00023868,0.00019196,0.00030406,0.01280563
4358,"KinC_x60_4b","production",25226.20986541,12571.40704263,12573.69424420,24932.42234093,12464.34555013,12468.07679081,0.86431155,0.96672249,0.99275269,0.99700416,0.98618489,0.99974498,50964,50977.00000000,1765.00000000,50635,39623.00000000,1,"ps4=0",1.00000000,"H.hTRIG4.scaler",1,0,"selected sole enabled assignment ps4=0",991.72255100,29816.46325394,352.13778912,"production",1,1,"processed",0,0,0,0,0,0.00053607,0.00029693,0.00014230,0.00011004,0.00018271,0.00626246
4359,"KinC_x60_4b","production",17471.59008753,8618.03121750,8618.46718855,16555.19450484,8276.39538519,8278.79911965,0.91253559,0.97918265,0.99340462,0.99704500,0.98881779,0.99926877,34164,34189.00000000,1765.00000000,33444,7134.00000000,1,"ps4=0",1.00000000,"H.hTRIG4.scaler",1,0,"selected sole enabled assignment ps4=0",178.54629700,44914.23868623,701.89720803,"updated",3,3,"processed",0,0,0,0,0,0.00032600,0.00017066,0.00009745,0.00007836,0.00012134,0.00764423
4360,"KinC_x60_4b","production",3191.97296954,1557.53013240,1557.89662179,3095.24007337,1547.75883092,1547.48124245,0.91240258,0.97890569,0.99333457,0.99704625,0.98932675,0.99875641,6425,6433.00000000,1755.00000000,6295,0.00000000,1,"ps4=0",1.00000000,"H.hTRIG4.scaler",1,0,"selected sole enabled assignment ps4=0",0.00000000,nan,nan,"updated",1,1,"processed",0,0,0,0,0,0.00075387,0.00039691,0.00022640,0.00018084,0.00027402,0.01761582
4361,"KinC_x60_4b","production",51693.97055663,25524.68165271,25530.51537016,48917.92087754,24458.20454214,24459.71633540,0.91199085,0.97889174,0.99340292,0.99696042,0.98880401,0.99991058,100640,100649.00000000,1755.00000000,98561,16796.00000000,1,"ps4=0",1.00000000,"H.hTRIG4.scaler",1,0,"selected sole enabled assignment ps4=0",420.43638000,45128.20703099,565.87283931,"updated",9,9,"processed",0,0,0,0,0,0.00018988,0.00009982,0.00005663,0.00004616,0.00007052,0.00445740
4362,"KinC_x60_4b","production",66519.99243734,32785.24090099,32793.64764374,64508.03169008,32250.57964486,32257.45204522,0.91230071,0.97896221,0.99355265,0.99702796,0.98896911,1.00293510,132923,132534.00000000,1765.00000000,130602,16861.00000000,1,"ps4=0",1.00000000,"H.hTRIG4.scaler",1,0,"selected sole enabled assignment ps4=0",421.95933900,45154.04978393,826.17056956,"updated",12,12,"processed",0,0,0,0,0,0.00016515,0.00008680,0.00004877,0.00003977,0.00006098,0.00389320
4363,"KinC_x60_4b","production",5795.12947805,2859.82162955,2858.45731148,5516.57384373,2758.50142403,2758.07241970,0.91246297,0.97921029,0.99355681,0.99707366,0.98912109,1.00044287,11295,11290.00000000,1745.00000000,11070,2477.00000000,1,"ps4=0",1.00000000,"H.hTRIG4.scaler",1,0,"selected sole enabled assignment ps4=0",61.99420800,45334.49318362,392.83877889,"updated",1,1,"processed",0,0,0,0,0,0.00056397,0.00029495,0.00016661,0.00013478,0.00020700,0.01331411
4364,"KinC_x60_4b","production",nan,nan,nan,nan,nan,nan,nan,nan,nan,nan,nan,nan,0,nan,nan,0,nan,0,"ps4=0",1.00000000,"H.hTRIG4.scaler",1,0,"selected sole enabled assignment ps4=0",nan,nan,nan,"none",0,0,"missing_root_files",0,0,0,0,0,nan,nan,nan,nan,nan,nan
4365,"KinC_x60_4b","production",11926.32241128,5850.04151841,5851.16737345,11055.81802337,5525.80444897,5530.01357440,0.91193493,0.97879264,0.99319902,0.99713136,0.98888781,0.99938564,22774,22788.00000000,1765.00000000,22270,10303.00000000,1,"ps4=0",1.00000000,"H.hTRIG4.scaler",1,0,"selected sole enabled assignment ps4=0",257.87711400,45124.23308724,620.71757452,"updated",2,2,"processed",0,0,0,0,0,0.00039945,0.00021039,0.00012090,0.00009434,0.00014776,0.00936401
4366,"KinC_x60_4b","production",nan,nan,nan,nan,nan,nan,nan,nan,nan,nan,nan,nan,0,nan,nan,0,nan,0,"ps4=0",1.00000000,"H.hTRIG4.scaler",1,0,"selected sole enabled assignment ps4=0",nan,nan,nan,"none",0,0,"missing_root_files",0,0,0,0,0,nan,nan,nan,nan,nan,nan
4367,"KinC_x60_4b","production",11966.58213195,5902.91408758,5905.04824010,10955.40210702,5476.94847937,5478.45362765,0.91160571,0.97909429,0.99349719,0.99694055,0.98886759,0.99591402,22424,22516.00000000,1755.00000000,22022,5290.00000000,1,"ps4=0",1.00000000,"H.hTRIG4.scaler",1,0,"selected sole enabled assignment ps4=0",132.37216000,44898.38346673,1010.97300239,"updated",2,2,"processed",0,0,0,0,0,0.00040175,0.00020984,0.00011875,0.00009783,0.00014849,0.00939585
4368,"KinC_x60_4b","production",nan,nan,nan,nan,nan,nan,nan,nan,nan,nan,nan,nan,0,nan,nan,0,nan,0,"ps4=0",1.00000000,"H.hTRIG4.scaler",1,0,"selected sole enabled assignment ps4=0",nan,nan,nan,"none",0,0,"missing_root_files",0,0,0,0,0,nan,nan,nan,nan,nan,nan
4369,"KinC_x60_4b","production",8439.83968606,4197.21252145,4197.31560650,8382.84277166,4191.36515492,4191.47761674,0.91120833,0.97909260,0.99332175,0.99721116,0.98906844,0.99725391,28326,28404.00000000,1735.00000000,28252,17602.00000000,1,"ps4=0",1.00000000,"H.hTRIG4.scaler",1,0,"selected sole enabled assignment ps4=0",440.55661700,27186.15618932,284.19967188,"updated",1,1,"processed",0,0,0,0,0,0.00046093,0.00024033,0.00013780,0.00010696,0.00016850,0.00837394
4370,"KinC_x60_4b","production",8347.29899390,4158.04770574,4157.58545210,7271.26473778,3635.86689417,3635.39784361,0.91193678,0.97935255,0.99355303,0.99737245,0.98916417,0.99868163,37118,37167.00000000,1765.00000000,36525,7335.00000000,1,"ps4=0",1.00000000,"H.hTRIG4.scaler",1,0,"selected sole enabled assignment ps4=0",183.57359200,18124.76927509,474.02728461,"updated",1,1,"processed",0,0,0,0,0,0.00049455,0.00025717,0.00014579,0.00011179,0.00018067,0.00732836
4371,"KinC_x60_4b","production",nan,nan,nan,nan,nan,nan,nan,nan,nan,nan,nan,nan,0,nan,nan,0,nan,0,"ps4=0",1.00000000,"H.hTRIG4.scaler",1,0,"selected sole enabled assignment ps4=0",nan,nan,nan,"none",0,0,"missing_root_files",0,0,0,0,0,nan,nan,nan,nan,nan,nan
4372,"KinC_x60_4b","production",5197.55724420,2517.67259684,2520.92744560,4670.56430115,2335.27783311,2335.28646804,0.91189857,0.97895360,0.99325666,0.99709489,0.98846611,1.01050056,3304,9809.00000000,1745.00000000,3153,0.00000000,1,"ps4=2",3.00000000,"H.hTRIG4.scaler",1,0,"selected sole enabled assignment ps4=2",0.00000000,nan,nan,"updated",2,2,"processed",0,0,0,0,0,0.00106563,0.00055914,0.00032112,0.00025345,0.00040143,0.02032615
4397,"KinC_x60_4b","production",132604.60825866,65748.66297158,65760.58901032,127922.57411330,63958.04559879,63964.52851450,0.94482315,0.98573475,0.99415781,0.99708042,0.99074048,1.00087975,131971,131855.00000000,1755.00000000,130337,59164.00000000,1,"ps4=0",1.00000000,"H.hTRIG4.scaler",1,0,"selected sole enabled assignment ps4=0",1480.75026600,45740.02690066,825.29824778,"production",7,7,"processed",0,0,0,0,0,0.00014958,0.00007935,0.00005121,0.00004338,0.00006275,0.00389720
4398,"KinC_x60_4b","production",20631.05481082,10170.08039856,10167.90232284,18668.86479159,9336.32368374,9332.54110785,0.94503632,0.98571972,0.99410863,0.99702482,0.99065300,1.00160539,19341,19310.00000000,1765.00000000,18970,6550.00000000,1,"ps4=0",1.00000000,"H.hTRIG4.scaler",1,0,"selected sole enabled assignment ps4=0",163.95021600,45577.68926636,990.32898437,"updated",1,1,"processed",0,0,0,0,0,0.00039098,0.00020787,0.00013465,0.00011460,0.00016508,0.01018935
4399,"KinC_x60_4b","production",131449.78465117,65117.65005422,65101.77560464,127288.66465160,63647.72247337,63640.94217824,0.94492090,0.98560478,0.99426584,0.99681150,0.99063155,1.00130973,130732,130561.00000000,1765.00000000,129237,53384.00000000,1,"ps4=0",1.00000000,"H.hTRIG4.scaler",1,0,"selected sole enabled assignment ps4=0",1336.11327500,46094.83129340,845.27007847,"production",7,7,"processed",0,0,0,0,0,0.00015002,0.00007999,0.00005093,0.00004549,0.00006335,0.00391773
4400,"KinC_x60_4b","production",136380.89475470,67585.62238152,67570.43830945,132926.85991851,66472.40538728,66454.45453123,0.94492661,0.98558579,0.99422340,0.99678600,0.99076631,1.00212966,136462,136172.00000000,1765.00000000,134991,62016.00000000,1,"ps4=0",1.00000000,"H.hTRIG4.scaler",1,0,"selected sole enabled assignment ps4=0",1552.18308400,46059.67152777,685.26615745,"production",7,7,"processed",0,0,0,0,0,0.00014706,0.00007847,0.00005011,0.00004476,0.00006166,0.00383852
4401,"KinC_x60_4b","production",28891.81412474,14347.47394630,14334.73417216,25956.41514629,12984.57595396,12971.83919233,0.94494051,0.98565801,0.99421297,0.99687619,0.99085060,0.99767994,35692,35775.00000000,1765.00000000,34749,0.00000000,1,"ps4=0",1.00000000,"H.hTRIG4.scaler",1,0,"selected sole enabled assignment ps4=0",0.00000000,nan,nan,"production",2,2,"processed",0,0,0,0,0,0.00033195,0.00017672,0.00011323,0.00009958,0.00013857,0.00746395
4402,"KinC_x60_4b","production",29357.49168236,14684.65364873,14668.91086667,27968.78522298,13991.09199898,13977.69322400,0.94444619,0.98560845,0.99414199,0.99691984,0.99095977,0.99821995,56639,56740.00000000,1765.00000000,56228,0.00000000,1,"ps4=0",1.00000000,"H.hTRIG4.scaler",1,0,"selected sole enabled assignment ps4=0",0.00000000,nan,nan,"production",1,1,"processed",0,0,0,0,0,0.00032059,0.00017028,0.00010958,0.00009509,0.00013247,0.00592912
4403,"KinC_x60_4b","production",22379.08381911,11178.69101189,11161.01026740,21906.31704273,10961.47269095,10944.84435178,0.94495215,0.98564411,0.99446095,0.99694046,0.99118693,0.99985178,87696,87709.00000000,1755.00000000,87198,79186.00000000,1,"ps4=0",1.00000000,"H.hTRIG4.scaler",1,0,"selected sole enabled assignment ps4=0",1981.87141100,12079.50266961,240.25904967,"production",1,1,"processed",0,0,0,0,0,0.00036099,0.00019229,0.00012051,0.00010714,0.00014793,0.00477468
4404,"KinC_x60_4b","production",35703.24518568,17383.59441072,17378.86951700,34520.06259438,17263.69693384,17256.36566054,0.94485002,0.98558299,0.99378241,0.99694154,0.99065651,0.99891162,17897,35833.00000000,1755.00000000,17439,0.00000000,1,"ps4=1",2.00000000,"H.hTRIG4.scaler",1,0,"selected sole enabled assignment ps4=1",0.00000000,nan,nan,"production",6,6,"processed",0,0,0,0,0,0.00040883,0.00021804,0.00014438,0.00012128,0.00017231,0.00914332
4405,"KinC_x60_4b","production",27729.61020985,13811.51968338,13795.70389745,24256.14764689,12134.03459981,12122.11304707,0.86327932,0.96637593,0.99220286,0.99669741,0.98610205,0.99524712,33085,33243.00000000,1765.00000000,32469,0.00000000,1,"ps4=0",1.00000000,"H.hTRIG4.scaler",1,0,"selected sole enabled assignment ps4=0",0.00000000,nan,nan,"production",2,2,"processed",0,0,0,0,0,0.00054731,0.00030384,0.00015022,0.00011760,0.00018650,0.00772883
4406,"KinC_x60_4b","production",27546.45776453,13743.28075822,13725.36783677,26764.13194340,13390.86941902,13373.26252438,0.86493383,0.96686584,0.99268066,0.99674689,0.98627268,1.00108070,54653,54594.00000000,1755.00000000,54109,43510.00000000,1,"ps4=0",1.00000000,"H.hTRIG4.scaler",1,0,"selected sole enabled assignment ps4=0",1089.02633000,29726.13068042,537.50874996,"production",1,1,"processed",0,0,0,0,0,0.00051824,0.00028693,0.00013846,0.00011088,0.00017643,0.00605751
4407,"KinC_x60_4b","production",nan,nan,nan,nan,nan,nan,nan,nan,nan,nan,nan,nan,0,nan,nan,0,nan,0,"ps4=0",1.00000000,"H.hTRIG4.scaler",1,0,"selected sole enabled assignment ps4=0",nan,nan,nan,"none",0,0,"missing_root_files",0,0,0,0,0,nan,nan,nan,nan,nan,nan
4408,"KinC_x60_4b","production",1616.65421058,769.84545254,768.10416025,1517.75597304,759.06902345,758.68694960,0.91342380,0.97922774,0.99339675,0.99647678,0.98815072,0.99815498,3246,3252.00000000,1735.00000000,3048,0.00000000,1,"ps4=0",1.00000000,"H.hTRIG4.scaler",1,0,"selected sole enabled assignment ps4=0",0.00000000,nan,nan,"updated",1,1,"processed",0,0,0,0,0,0.00107824,0.00056620,0.00032385,0.00028341,0.00041489,0.02476500
4409,"KinC_x60_4b","production",nan,nan,nan,nan,nan,nan,nan,nan,nan,nan,nan,nan,0,nan,nan,0,nan,0,"ps4=0",1.00000000,"H.hTRIG4.scaler",1,0,"selected sole enabled assignment ps4=0",nan,nan,nan,"none",0,0,"missing_root_files",0,0,0,0,0,nan,nan,nan,nan,nan,nan
4410,"KinC_x60_4b","production",1439.30362620,680.62295398,681.03123991,1341.30965104,670.78058824,670.52906280,0.91393814,0.97903294,0.99327310,0.99638591,0.98857557,0.99722607,2876,2884.00000000,1735.00000000,2737,0.00000000,1,"ps4=0",1.00000000,"H.hTRIG4.scaler",1,0,"selected sole enabled assignment ps4=0",0.00000000,nan,nan,"updated",1,1,"processed",0,0,0,0,0,0.00113789,0.00060165,0.00034574,0.00030381,0.00043118,0.02627924
4411,"KinC_x60_4b","production",nan,nan,nan,nan,nan,nan,nan,nan,nan,nan,nan,nan,0,nan,nan,0,0.00000000,0,"ps4=0",1.00000000,"H.hTRIG4.scaler",1,0,"selected sole enabled assignment ps4=0",0.00000000,nan,nan,"updated",1,0,"selection_failed",0,1,0,0,0,nan,nan,nan,nan,nan,nan
4414,"KinC_x60_4b","production",128.38212299,23.75671596,23.04428494,24.62367635,11.97713885,12.64653750,0.91218638,0.98357488,0.98931001,0.99855908,0.99014337,1.00000000,221,221.00000000,1825.00000000,48,0.00000000,1,"ps4=0",1.00000000,"H.hTRIG4.scaler",1,0,"selected sole enabled assignment ps4=0",0.00000000,nan,nan,"updated",1,1,"processed",0,0,0,0,0,0.00847209,0.00395083,0.00320588,0.00143988,0.00295720,0.09513030
4415,"KinC_x60_4b","production",nan,nan,nan,nan,nan,nan,nan,nan,nan,nan,nan,nan,0,nan,nan,0,nan,0,"ps4=0",1.00000000,"H.hTRIG4.scaler",1,0,"selected sole enabled assignment ps4=0",nan,nan,nan,"none",0,0,"missing_root_files",0,0,0,0,0,nan,nan,nan,nan,nan,nan
4417,"KinC_x60_4b","production",nan,nan,nan,nan,nan,nan,nan,nan,nan,nan,nan,nan,0,nan,nan,0,nan,0,"ps4=0",1.00000000,"H.hTRIG4.scaler",1,0,"selected sole enabled assignment ps4=0",nan,nan,nan,"none",0,0,"missing_root_files",0,0,0,0,0,nan,nan,nan,nan,nan,nan
4418,"KinC_x60_4b","production",nan,nan,nan,nan,nan,nan,nan,nan,nan,nan,nan,nan,0,nan,nan,0,nan,0,"ps4=0",1.00000000,"H.hTRIG4.scaler",1,0,"selected sole enabled assignment ps4=0",nan,nan,nan,"none",0,0,"missing_root_files",0,0,0,0,0,nan,nan,nan,nan,nan,nan
4419,"KinC_x60_4b","production",nan,nan,nan,nan,nan,nan,nan,nan,nan,nan,nan,nan,0,nan,nan,0,nan,0,"ps4=0",1.00000000,"H.hTRIG4.scaler",1,0,"selected sole enabled assignment ps4=0",nan,nan,nan,"none",0,0,"missing_root_files",0,0,0,0,0,nan,nan,nan,nan,nan,nan
4420,"KinC_x60_4b","production",nan,nan,nan,nan,nan,nan,nan,nan,nan,nan,nan,nan,0,nan,nan,0,nan,0,"ps4=0",1.00000000,"H.hTRIG4.scaler",1,0,"selected sole enabled assignment ps4=0",nan,nan,nan,"none",0,0,"missing_root_files",0,0,0,0,0,nan,nan,nan,nan,nan,nan
4422,"KinC_x60_4b","production",nan,nan,nan,nan,nan,nan,nan,nan,nan,nan,nan,nan,0,nan,nan,0,nan,0,"ps4=2",3.00000000,"H.hTRIG4.scaler",1,0,"selected sole enabled assignment ps4=2",nan,nan,nan,"none",0,0,"missing_root_files",0,0,0,0,0,nan,nan,nan,nan,nan,nan
4484,"KinC_x60_4b","production",133354.96212607,66184.26810259,66196.39997704,124627.17747254,62303.14723730,62324.03023524,0.94540597,0.98427743,0.99425714,0.99613776,0.99067347,1.00052066,126827,126761.00000000,1765.00000000,124890,52710.00000000,1,"ps4=0",1.00000000,"H.hTRIG4.scaler",1,0,"selected sole enabled assignment ps4=0",1319.26720200,46090.37570844,1048.52744218,"production",7,7,"processed",0,0,0,0,0,0.00015172,0.00008477,0.00005175,0.00005072,0.00006419,0.00397367
4485,"KinC_x60_4b","production",123039.74376468,61058.16879446,61073.43424638,114357.69200244,57169.72287133,57187.96913111,0.94534324,0.98448782,0.99436266,0.99604697,0.99076648,1.00052449,116365,116304.00000000,1765.00000000,114677,50243.00000000,1,"ps4=0",1.00000000,"H.hTRIG4.scaler",1,0,"selected sole enabled assignment ps4=0",1257.47026600,46057.91052558,969.49698520,"production",6,6,"processed",0,0,0,0,0,0.00015876,0.00008808,0.00005363,0.00005364,0.00006680,0.00414847
4487,"KinC_x60_4b","production",54655.65813127,27154.61908293,27159.01511839,50169.06430160,25084.02122455,25085.04307706,0.94520232,0.98450540,0.99439589,0.99588835,0.99081978,0.99831630,50992,51078.00000000,1755.00000000,50297,12781.00000000,1,"ps4=0",1.00000000,"H.hTRIG4.scaler",1,0,"selected sole enabled assignment ps4=0",319.87450200,46027.55114254,1017.50856424,"production",3,3,"processed",0,0,0,0,0,0.00023955,0.00013268,0.00008059,0.00008243,0.00010039,0.00624956
4488,"KinC_x60_4b","production",21682.72845904,10761.99554240,10758.99578645,19449.55133057,9727.27693772,9722.27439285,0.94544135,0.98454528,0.99430786,0.99593196,0.99069241,1.00100923,19837,19817.00000000,1755.00000000,19497,11766.00000000,1,"ps4=0",1.00000000,"H.hTRIG4.scaler",1,0,"selected sole enabled assignment ps4=0",294.48130600,45331.37325872,1097.95169993,"updated",1,1,"processed",0,0,0,0,0,0.00038536,0.00021358,0.00013091,0.00013213,0.00016293,0.01005367
4489,"KinC_x60_4b","production",129265.01890301,64077.54078312,64085.61298419,123180.43374050,61586.58341420,61593.85032631,0.94547565,0.98461710,0.99427704,0.99554522,0.99073454,0.99947196,124924,124990.00000000,1755.00000000,123507,67977.00000000,1,"ps4=0",1.00000000,"H.hTRIG4.scaler",1,0,"selected sole enabled assignment ps4=0",1701.35636800,45509.81290946,919.16354598,"production",7,7,"processed",0,0,0,0,0,0.00015280,0.00008452,0.00005206,0.00005482,0.00006448,0.00399858
4490,"KinC_x60_4b","production",3664.85870144,1776.73543254,1778.35888240,3518.41785526,1758.57246628,1759.84538898,0.94669421,0.98597984,0.99381017,0.99620295,0.99098856,0.99979398,4853,4854.00000000,1785.00000000,4692,0.00000000,1,"ps4=0",1.00000000,"H.hTRIG4.scaler",1,0,"selected sole enabled assignment ps4=0",0.00000000,nan,nan,"updated",1,1,"processed",0,0,0,0,0,0.00089557,0.00047835,0.00032036,0.00029961,0.00037674,0.02029542
4491,"KinC_x60_4b","production",27821.45588276,13869.65365312,13871.81754470,26319.36304143,13158.06188333,13161.30115810,0.94566891,0.98477364,0.99446186,0.99583791,0.99085175,0.99839398,52841,52926.00000000,1745.00000000,52323,48875.00000000,1,"ps4=0",1.00000000,"H.hTRIG4.scaler",1,0,"selected sole enabled assignment ps4=0",1223.26047100,23632.45251959,486.67067912,"production",1,1,"processed",0,0,0,0,0,0.00032781,0.00018072,0.00011006,0.00011389,0.00013769,0.00613984
4492,"KinC_x60_4b","production",22062.23410492,11010.24358092,11010.96173997,21278.91586021,10638.57908815,10640.33677206,0.94544341,0.98467986,0.99472247,0.99620147,0.99110752,0.99995268,84522,84526.00000000,1755.00000000,83778,73016.00000000,1,"ps4=0",1.00000000,"H.hTRIG4.scaler",1,0,"selected sole enabled assignment ps4=0",1827.47254500,12057.51958369,244.78387473,"production",1,1,"processed",0,0,0,0,0,0.00036510,0.00020150,0.00011947,0.00012099,0.00015092,0.00486412
4493,"KinC_x60_4b","production",34765.59373628,16968.29964460,16970.04645945,31079.27043746,15536.43782687,15542.83261059,0.94618881,0.98475216,0.99450097,0.99549971,0.99084240,0.98521430,15792,32058.00000000,1765.00000000,15525,0.00000000,1,"ps4=1",2.00000000,"H.hTRIG4.scaler",1,0,"selected sole enabled assignment ps4=1",0.00000000,nan,nan,"production",6,6,"processed",0,0,0,0,0,0.00042686,0.00023648,0.00014342,0.00015474,0.00018020,0.00957822
4494,"KinC_x60_4b","production",26327.25512289,13103.02248628,13102.48671262,23222.75462258,11612.89313941,11609.86148316,0.86657674,0.96535589,0.99260552,0.99532661,0.98606634,1.00138810,31742,31698.00000000,1765.00000000,30862,24047.00000000,1,"ps4=0",1.00000000,"H.hTRIG4.scaler",1,0,"selected sole enabled assignment ps4=0",601.80842000,44088.48084910,923.72976128,"updated",2,2,"processed",0,0,0,0,0,0.00055849,0.00031703,0.00015060,0.00014355,0.00019252,0.00795153
4495,"KinC_x60_4b","production",20775.91925406,10346.85499025,10347.93857509,19751.50697172,9875.04194178,9876.46502994,0.86704816,0.96546727,0.99273379,0.99540916,0.98596473,0.99977452,39905,39914.00000000,1765.00000000,39308,25213.00000000,1,"ps4=0",1.00000000,"H.hTRIG4.scaler",1,0,"selected sole enabled assignment ps4=0",631.02649500,29856.92859061,533.52866784,"production",1,1,"processed",0,0,0,0,0,0.00060420,0.00034288,0.00016172,0.00015396,0.00020934,0.00707748
4496,"KinC_x60_4b","production",nan,nan,nan,nan,nan,nan,nan,nan,nan,nan,nan,nan,0,nan,nan,0,nan,0,"ps4=0",1.00000000,"H.hTRIG4.scaler",1,0,"selected sole enabled assignment ps4=0",nan,nan,nan,"none",0,0,"missing_root_files",0,0,0,0,0,nan,nan,nan,nan,nan,nan
4498,"KinC_x60_4b","production",13164.94786409,6465.99546409,6462.71834468,12650.02575119,6325.22802745,6324.79772374,0.91511146,0.97798708,0.99374918,0.99560780,0.98908202,0.99656940,25854,25943.00000000,1765.00000000,25423,4482.00000000,1,"ps4=0",1.00000000,"H.hTRIG4.scaler",1,0,"selected sole enabled assignment ps4=0",112.20409000,44771.00611930,1048.30880703,"updated",3,3,"processed",0,0,0,0,0,0.00037070,0.00020174,0.00010924,0.00010953,0.00013821,0.00875762
4499,"KinC_x60_4b","production",6668.35881587,3294.13916704,3294.11729996,5515.52940598,2759.14563356,2756.38377243,0.91426558,0.97840087,0.99357468,0.99604362,0.98896480,1.00623161,11626,11554.00000000,1765.00000000,10973,7119.00000000,1,"ps4=0",1.00000000,"H.hTRIG4.scaler",1,0,"selected sole enabled assignment ps4=0",178.16907300,44621.43101570,1068.45827155,"updated",1,1,"processed",0,0,0,0,0,0.00056341,0.00030263,0.00016762,0.00015756,0.00021023,0.01321823
4500,"KinC_x60_4b","production",18824.78199549,9295.24819588,9294.25522783,17624.67738881,8812.84258396,8811.83480485,0.91361702,0.97761493,0.99381004,0.99582388,0.98883616,1.00000000,35862,35862.00000000,1765.00000000,35010,12291.00000000,1,"ps4=0",1.00000000,"H.hTRIG4.scaler",1,0,"selected sole enabled assignment ps4=0",307.59018900,45219.75504232,973.52074735,"updated",3,3,"processed",0,0,0,0,0,0.00031654,0.00017243,0.00009217,0.00009064,0.00011839,0.00746789
4501,"KinC_x60_4b","production",12433.91046025,6140.27972633,6138.15005689,11823.43662918,5913.53205227,5909.90457691,0.91302803,0.97764028,0.99349614,0.99594563,0.98882464,1.00004164,24016,24015.00000000,1755.00000000,23600,6196.00000000,1,"ps4=0",1.00000000,"H.hTRIG4.scaler",1,0,"selected sole enabled assignment ps4=0",155.07414000,45255.87567340,671.77426381,"updated",2,2,"processed",0,0,0,0,0,0.00038743,0.00021035,0.00011529,0.00010912,0.00014453,0.00912614
4502,"KinC_x60_4b","production",11077.99560135,5460.99402306,5460.01474568,10436.92955559,5217.57951012,5219.35004547,0.91348263,0.97763344,0.99337459,0.99581434,0.98911368,0.99929571,21283,21298.00000000,1765.00000000,20791,3722.00000000,1,"ps4=0",1.00000000,"H.hTRIG4.scaler",1,0,"selected sole enabled assignment ps4=0",93.12826400,45419.37987806,372.81318121,"updated",2,2,"processed",0,0,0,0,0,0.00041190,0.00022414,0.00012395,0.00011795,0.00015204,0.00968537
4503,"KinC_x60_4b","production",12518.43066645,6144.86145756,6144.52281754,12034.32878637,6015.79781020,6018.53097617,0.91387749,0.97792058,0.99352391,0.99580213,0.98906283,1.00143161,24483,24448.00000000,1725.00000000,23958,2138.00000000,1,"ps4=0",1.00000000,"H.hTRIG4.scaler",1,0,"selected sole enabled assignment ps4=0",53.53104700,45706.67186838,375.45390894,"updated",2,2,"processed",0,0,0,0,0,0.00038265,0.00020733,0.00011408,0.00010986,0.00014186,0.00905439
4504,"KinC_x60_4b","production",6219.86036560,3069.61506405,3069.94789249,6115.27207048,3058.12245123,3057.14961925,0.91375660,0.97835867,0.99338838,0.99586088,0.98908381,1.00169232,12430,12409.00000000,1785.00000000,12257,1960.00000000,1,"ps4=0",1.00000000,"H.hTRIG4.scaler",1,0,"selected sole enabled assignment ps4=0",49.06152200,44496.49972131,456.32554209,"updated",1,1,"processed",0,0,0,0,0,0.00053684,0.00028793,0.00016159,0.00015319,0.00019871,0.01271152
4505,"KinC_x60_4b","production",4612.51124710,2267.48928144,2265.94881481,4512.59982639,2256.75817863,2255.84164776,0.91379661,0.97800245,0.99366209,0.99561393,0.98901208,0.98960385,9043,9138.00000000,1765.00000000,8973,0.00000000,1,"ps4=0",1.00000000,"H.hTRIG4.scaler",1,0,"selected sole enabled assignment ps4=0",0.00000000,nan,nan,"updated",1,1,"processed",0,0,0,0,0,0.00062483,0.00033781,0.00018423,0.00018363,0.00023208,0.01467873
4506,"KinC_x60_4b","production",nan,nan,nan,nan,nan,nan,nan,nan,nan,nan,nan,nan,0,nan,nan,0,nan,0,"ps4=0",1.00000000,"H.hTRIG4.scaler",1,0,"selected sole enabled assignment ps4=0",nan,nan,nan,"none",0,0,"missing_root_files",0,0,0,0,0,nan,nan,nan,nan,nan,nan
4507,"KinC_x60_4b","production",nan,nan,nan,nan,nan,nan,nan,nan,nan,nan,nan,nan,0,nan,nan,0,nan,0,"ps4=0",1.00000000,"H.hTRIG4.scaler",1,0,"selected sole enabled assignment ps4=0",nan,nan,nan,"none",0,0,"missing_root_files",0,0,0,0,0,nan,nan,nan,nan,nan,nan
4508,"KinC_x60_4b","production",nan,nan,nan,nan,nan,nan,nan,nan,nan,nan,nan,nan,0,nan,nan,0,nan,0,"ps4=0",1.00000000,"H.hTRIG4.scaler",1,0,"selected sole enabled assignment ps4=0",nan,nan,nan,"none",0,0,"missing_root_files",0,0,0,0,0,nan,nan,nan,nan,nan,nan
4509,"KinC_x60_4b","production",nan,nan,nan,nan,nan,nan,nan,nan,nan,nan,nan,nan,0,nan,nan,0,nan,0,"ps4=2",3.00000000,"H.hTRIG4.scaler",1,0,"selected sole enabled assignment ps4=2",nan,nan,nan,"none",0,0,"missing_root_files",0,0,0,0,0,nan,nan,nan,nan,nan,nan
4551,"KinC_x60_4b","production",129089.10881257,64062.29481483,64090.00233488,119773.88257432,59871.39040040,59902.49217392,0.94538734,0.98480839,0.99418054,0.99562827,0.99065679,0.99956370,123713,123767.00000000,1755.00000000,122049,74918.00000000,1,"ps4=0",1.00000000,"H.hTRIG4.scaler",1,0,"selected sole enabled assignment ps4=0",1875.08293200,45798.62390855,918.80094490,"production",6,6,"processed",0,0,0,0,0,0.00015425,0.00008475,0.00005295,0.00005480,0.00006531,0.00401856
4555,"KinC_x60_4b","production",119364.01162930,59227.49125170,59235.59734295,108762.18272259,54375.91512752,54386.26759507,0.94552061,0.98479529,0.99424912,0.99576482,0.99054929,0.99952725,112058,112111.00000000,1755.00000000,110353,49158.00000000,1,"ps4=0",1.00000000,"H.hTRIG4.scaler",1,0,"selected sole enabled assignment ps4=0",1230.34810200,45869.71923496,918.25927157,"production",6,6,"processed",0,0,0,0,0,0.00016198,0.00008913,0.00005534,0.00005673,0.00006905,0.00422218
4556,"KinC_x60_4b","production",34197.22410328,16983.44746645,16981.71580092,33483.16387767,16742.02950257,16741.13437509,0.94583066,0.98505081,0.99447266,0.99598052,0.99087178,1.00270595,45949,45825.00000000,1755.00000000,45455,24393.00000000,1,"ps4=0",1.00000000,"H.hTRIG4.scaler",1,0,"selected sole enabled assignment ps4=0",610.51521100,34522.14395359,648.16982947,"production",2,2,"processed",0,0,0,0,0,0.00029021,0.00015878,0.00009747,0.00009924,0.00012194,0.00661979
4557,"KinC_x60_4b","production",23325.50799142,11646.06486447,11640.27721694,22767.18297419,11387.11001216,11380.07296203,0.94567709,0.98489751,0.99453045,0.99637648,0.99087854,0.99993474,91929,91935.00000000,1765.00000000,91282,83895.00000000,1,"ps4=0",1.00000000,"H.hTRIG4.scaler",1,0,"selected sole enabled assignment ps4=0",2099.79613400,11864.56894391,229.50039422,"production",1,1,"processed",0,0,0,0,0,0.00035227,0.00019345,0.00011755,0.00011421,0.00014776,0.00466394
4558,"KinC_x60_4b","production",33735.37196195,16404.56989423,16404.17311813,31255.90983661,15631.69343363,15624.21640298,0.94502445,0.98445279,0.99427240,0.99592144,0.99091025,0.99844555,16379,32809.00000000,1765.00000000,15909,0.00000000,1,"ps4=1",2.00000000,"H.hTRIG4.scaler",1,0,"selected sole enabled assignment ps4=1",0.00000000,nan,nan,"production",6,6,"processed",0,0,0,0,0,0.00042967,0.00023803,0.00014591,0.00014726,0.00017890,0.00955243
4559,"KinC_x60_4b","production",30912.93036663,15396.68044025,15390.63060523,29602.05627704,14802.58754435,14799.46873270,0.86708762,0.96619089,0.99281096,0.99585015,0.98608825,0.99955530,40459,40477.00000000,1755.00000000,40051,0.00000000,1,"ps4=0",1.00000000,"H.hTRIG4.scaler",1,0,"selected sole enabled assignment ps4=0",0.00000000,nan,nan,"production",2,2,"processed",0,0,0,0,0,0.00049194,0.00027647,0.00013100,0.00011935,0.00016973,0.00702694
4560,"KinC_x60_4b","production",22784.20174835,11355.11285810,11350.85577231,22269.89467719,11136.95879121,11132.93588598,0.86688137,0.96543826,0.99247824,0.99609839,0.98593405,0.99982399,45443,45451.00000000,1765.00000000,45083,35517.00000000,1,"ps4=0",1.00000000,"H.hTRIG4.scaler",1,0,"selected sole enabled assignment ps4=0",888.94348000,29625.78678230,409.34923645,"production",1,1,"processed",0,0,0,0,0,0.00056824,0.00032246,0.00015464,0.00013356,0.00019699,0.00663263
4561,"KinC_x60_4b","production",nan,nan,nan,nan,nan,nan,nan,nan,nan,nan,nan,nan,0,nan,nan,0,nan,0,"ps4=0",1.00000000,"H.hTRIG4.scaler",1,0,"selected sole enabled assignment ps4=0",nan,nan,nan,"none",0,0,"missing_root_files",0,0,0,0,0,nan,nan,nan,nan,nan,nan
4562,"KinC_x60_4b","production",nan,nan,nan,nan,nan,nan,nan,nan,nan,nan,nan,nan,0,nan,nan,0,nan,0,"ps4=0",1.00000000,"H.hTRIG4.scaler",1,0,"selected sole enabled assignment ps4=0",nan,nan,nan,"none",0,0,"missing_root_files",0,0,0,0,0,nan,nan,nan,nan,nan,nan
4563,"KinC_x60_4b","production",nan,nan,nan,nan,nan,nan,nan,nan,nan,nan,nan,nan,0,nan,nan,0,nan,0,"ps4=0",1.00000000,"H.hTRIG4.scaler",1,0,"selected sole enabled assignment ps4=0",nan,nan,nan,"none",0,0,"missing_root_files",0,0,0,0,0,nan,nan,nan,nan,nan,nan
4564,"KinC_x60_4b","production",nan,nan,nan,nan,nan,nan,nan,nan,nan,nan,nan,nan,0,nan,nan,0,nan,0,"ps4=0",1.00000000,"H.hTRIG4.scaler",1,0,"selected sole enabled assignment ps4=0",nan,nan,nan,"none",0,0,"missing_root_files",0,0,0,0,0,nan,nan,nan,nan,nan,nan
4565,"KinC_x60_4b","production",nan,nan,nan,nan,nan,nan,nan,nan,nan,nan,nan,nan,0,nan,nan,0,nan,0,"ps4=0",1.00000000,"H.hTRIG4.scaler",1,0,"selected sole enabled assignment ps4=0",nan,nan,nan,"none",0,0,"missing_root_files",0,0,0,0,0,nan,nan,nan,nan,nan,nan
4566,"KinC_x60_4b","production",nan,nan,nan,nan,nan,nan,nan,nan,nan,nan,nan,nan,0,nan,nan,0,nan,0,"ps4=0",1.00000000,"H.hTRIG4.scaler",1,0,"selected sole enabled assignment ps4=0",nan,nan,nan,"none",0,0,"missing_root_files",0,0,0,0,0,nan,nan,nan,nan,nan,nan
4568,"KinC_x60_4b","production",nan,nan,nan,nan,nan,nan,nan,nan,nan,nan,nan,nan,0,nan,nan,0,nan,0,"ps4=2",3.00000000,"H.hTRIG4.scaler",1,0,"selected sole enabled assignment ps4=2",nan,nan,nan,"none",0,0,"missing_root_files",0,0,0,0,0,nan,nan,nan,nan,nan,nan
