ok	1
message	Selection built successfully.
low	33.787500000000001
high	45.712499999999999
i0	39.75
mean_current	32.665171358747031
hel_charge_before	20911.120428170649
hel_charge_after	17097.814131981904
gevnum_ranges	2187482-2187796;2188688-2190521;2212957-2214964;2215821-2340284;2358112-2360137;2361114-2497118;2518922-2592836;2613346-2615267;2616305-2691528;2709232-2711299;2712119-2740024
evcount_ranges	148-159;184-239;5240-5303;5328-8875;10432-10495;10524-14415;19020-21147;24536-24599;24628-26779;28308-28375;28400-29215
