run,phase,boardID,line,dataFormat,vmeControl,broadcast_buffer,use_local,busy_on_buffer,timers_unambiguous,live_hex,busy_hex
4303,initial,0x7101150e,472,0x5050006,0x800010,5,False,True,True,0x1d39dad5,0x0000260a
4303,initial,0x7101150a,869,0x5050006,0x800010,5,False,True,True,0x1d39a3e4,0x0000507a
4303,initial,0x7101150b,1218,0x5050006,0x800010,5,False,True,True,0x1d39a8ca,0x000054d7
4303,initial,0x7101150d,1510,0x5050006,0x800010,5,False,True,True,0x1ceeced8,0x000053d8
4303,initial,0x7101150c,2542,0x5050006,0x800010,5,False,True,True,0x1d38e541,0x00011920
4303,end,0x7101150e,5420,0x5050006,0x800010,5,False,True,True,0x202dbeaf,0x00001afd
4303,end,0x7101150a,5819,0x5050006,0x800010,5,False,True,True,0x202cea1e,0x0000e1ee
4303,end,0x7101150b,5945,0x5050006,0x800010,5,False,True,True,0x202d4f65,0x000086cc
4303,end,0x7101150c,6090,0x5050006,0x800010,5,False,True,True,0x202d704d,0x0000667e
4303,end,0x7101150d,6306,0x5050006,0x800010,5,False,True,True,0x1fdaaf3d,0x0000bbf1
4305,initial,0x7101150e,470,0x5050006,0x800010,5,False,True,True,0x0a1a58d9,0x00000670
4305,initial,0x7101150b,867,0x5050006,0x800010,5,False,True,True,0x0a1a05d9,0x0000589d
4305,initial,0x7101150a,953,0x5050006,0x800010,5,False,True,True,0x0a19e1ae,0x000079bb
4305,initial,0x7101150d,1551,0x5050006,0x800010,5,False,True,True,0x0a007087,0x00000dc6
4305,initial,0x7101150c,2540,0x5050006,0x800010,5,False,True,True,0x0a1a223e,0x00003c7d
4305,end,0x7101150e,4132,0x5050006,0x800010,5,False,True,True,0x0a3e6c71,0x0000029a
4305,end,0x7101150a,4531,0x5050006,0x800010,5,False,True,True,0x0a3e672d,0x000003a7
4305,end,0x7101150b,4642,0x5050006,0x800010,5,False,True,True,0x0a3e6877,0x0000058f
4305,end,0x7101150c,5153,0x5050006,0x800010,5,False,True,False,,
4305,end,0x7101150d,5206,0x5050006,0x800010,5,False,True,False,,
