branch,first,last,min,max,nonzero,negative_steps
evcount,1.0,354.0,1.0,354.0,355,0
evNumber,1.0,542585.0,1.0,542585.0,355,0
H.pPRE150.scaler,15944209.0,391397709.0,15944209.0,391397709.0,355,0
H.pPRE150.scalerCut,15944209.0,391299579.0,15944209.0,391299579.0,355,0
H.pPRE150.scalerRate,725952.0825090366,729547.6511066934,0.0,751778.8003689265,330,144
H.pPRE40.scaler,17515240.0,428248747.0,17515240.0,428248747.0,355,0
H.pPRE40.scalerCut,17515240.0,428149955.0,17515240.0,428149955.0,355,0
H.pPRE40.scalerRate,797482.3306471697,801997.1730381458,0.0,828938.7186838334,330,143
H.pTRIG1_CP.scaler,0.0,0.0,0.0,0.0,0,0
H.pTRIG1_CP.scalerCut,0.0,0.0,0.0,0.0,0,0
H.pTRIG1_CP.scalerRate,0.0,0.0,0.0,0.0,0,0
H.BCM4A.scaler,8234404.0,203320276.0,8234404.0,203320276.0,355,0
H.BCM4A.scalerCut,8234404.0,202741551.0,8234404.0,202741551.0,355,0
H.BCM4A.scalerRate,374918.7389616344,375289.43359263794,7656.287145228749,381043.566262191,355,141
H.BCM4A.scalerCurrent,39.257865891594705,39.296491986312176,0.9894015989610033,39.89606817361582,355,141
H.BCM4A.scalerCharge,862.2271824142962,21315.141038534035,862.2271824142962,21315.141038534035,355,0
H.BCM4A.scalerChargeCut,862.2271824142962,21241.407304929675,862.2271824142962,21241.407304929675,355,0
H.1MHz.scaler,21963170.0,674895349.0,21963170.0,674895349.0,355,0
H.1MHz.scalerCut,21963170.0,604804190.0,21963170.0,604804190.0,355,0
H.1MHz.scalerRate,999999.9999999999,999999.9999999773,999999.9999998761,1000000.0000002076,355,174
H.1MHz.scalerTime,21.96317,674.895349,21.96317,674.895349,355,0
H.1MHz.scalerTimeCut,21.96317,604.80419,21.96317,604.80419,355,0
H.hEL_CLEAN.scaler,21309.0,522872.0,21309.0,522872.0,355,0
H.hEL_CLEAN.scalerCut,21309.0,519930.0,21309.0,519930.0,355,0
H.hEL_CLEAN.scalerRate,970.2151374323469,946.4872224224757,39.95441201589028,1031.1526857226002,355,152
H.hPRE100.scaler,28123762.0,685038073.0,28123762.0,685038073.0,355,0
H.hPRE100.scalerCut,28123762.0,684913733.0,28123762.0,684913733.0,355,0
H.hPRE100.scalerRate,1280496.4857076642,1287005.1254307774,39.95441201589028,1328911.9735648136,355,153
H.hTRIG5.scaler,10311.0,248374.0,10311.0,248374.0,355,0
H.hTRIG5.scalerCut,10311.0,245563.0,10311.0,245563.0,355,0
H.hTRIG5.scalerRate,469.46774987399357,475.993574086739,39.95441201589028,549.0764059274392,355,153
H.hTRIG4.scaler,23020.0,564810.0,23020.0,564810.0,355,0
H.hTRIG4.scalerCut,23020.0,561853.0,23020.0,561853.0,355,0
H.hTRIG4.scalerRate,1048.1182816505996,1025.9861491869626,39.95441201589028,1119.60644137213,355,152
H.hTRIG6.scaler,7406.0,180929.0,7406.0,180929.0,355,0
H.hTRIG6.scalerCut,7406.0,178120.0,7406.0,178120.0,355,0
H.hTRIG6.scalerRate,337.20086854493223,342.49537631241196,39.95441201589028,421.53503604665605,355,154
H.hTRIG1.scaler,28188823.0,686565931.0,28188823.0,686565931.0,355,0
H.hTRIG1.scalerCut,28188823.0,686441573.0,28188823.0,686441573.0,355,0
H.hTRIG1.scalerRate,1283458.763010986,1290022.0847018273,39.95441201589028,1332165.879726939,355,153
H.hTRIG3.scaler,33777.0,824884.0,33777.0,824884.0,355,0
H.hTRIG3.scalerCut,33777.0,821701.0,33777.0,821701.0,355,0
H.hTRIG3.scalerRate,1537.8927540969723,1501.9797232737017,39.95453174287671,1618.5103273821092,355,156
H.hTRIG2.scaler,0.0,0.0,0.0,0.0,0,0
H.hTRIG2.scalerCut,0.0,0.0,0.0,0.0,0,0
H.hTRIG2.scalerRate,0.0,0.0,0.0,0.0,0,0
H.pEL_CLEAN.scaler,0.0,0.0,0.0,0.0,0,0
H.pEL_CLEAN.scalerCut,0.0,0.0,0.0,0.0,0,0
H.pEL_CLEAN.scalerRate,0.0,0.0,0.0,0.0,0,0
H.hPRE40.scaler,28123706.0,685036877.0,28123706.0,685036877.0,355,0
H.hPRE40.scalerCut,28123706.0,684912537.0,28123706.0,684912537.0,355,0
H.hPRE40.scalerRate,1280493.9359846506,1287004.1254442772,39.95441201589028,1328907.4743859137,355,153
H.hPRE200.scaler,26463932.0,646197686.0,26463932.0,646197686.0,355,0
H.hPRE200.scalerCut,26463932.0,646073843.0,26463932.0,646073843.0,355,0
H.hPRE200.scalerRate,1204923.150893063,1210734.1550888787,39.95441201589028,1247398.8497099178,355,153
H.hL1ACCP.scaler,1.0,541321.0,1.0,541321.0,355,0
H.hL1ACCP.scalerCut,1.0,538364.0,1.0,538364.0,355,0
H.hL1ACCP.scalerRate,0.04553076809950476,1024.9861626867803,0.04553076809950476,1119.60644137213,355,151
H.pTRIG5.scaler,0.0,0.0,0.0,0.0,0,0
H.pTRIG5.scalerCut,0.0,0.0,0.0,0.0,0,0
H.pTRIG5.scalerRate,0.0,0.0,0.0,0.0,0,0
H.pTRIG4.scaler,0.0,0.0,0.0,0.0,0,0
H.pTRIG4.scalerCut,0.0,0.0,0.0,0.0,0,0
H.pTRIG4.scalerRate,0.0,0.0,0.0,0.0,0,0
H.pTRIG6.scaler,19132035.0,456937262.0,19132035.0,456937262.0,355,0
H.pTRIG6.scalerCut,19132035.0,456908333.0,19132035.0,456908333.0,355,0
H.pTRIG6.scalerRate,871096.2488566085,876985.6606935607,0.0,917972.4700242131,324,138
H.pTRIG1.scaler,17516993.0,428287261.0,17516993.0,428287261.0,355,0
H.pTRIG1.scalerCut,17516993.0,428188468.0,17516993.0,428188468.0,355,0
H.pTRIG1.scalerRate,797562.1460836482,802085.6718434119,0.0,829030.2019881303,330,143
H.pTRIG3.scaler,0.0,0.0,0.0,0.0,0,0
H.pTRIG3.scalerCut,0.0,0.0,0.0,0.0,0,0
H.pTRIG3.scalerRate,0.0,0.0,0.0,0.0,0,0
H.pTRIG2.scaler,0.0,0.0,0.0,0.0,0,0
H.pTRIG2.scalerCut,0.0,0.0,0.0,0.0,0,0
H.pTRIG2.scalerRate,0.0,0.0,0.0,0.0,0,0
H.pPRE100.scaler,16695690.0,408983237.0,16695690.0,408983237.0,355,0
H.pPRE100.scalerCut,16695690.0,408884829.0,16695690.0,408884829.0,355,0
H.pPRE100.scalerRate,760167.5896512206,764190.6834257564,0.0,788613.0781132379,330,142
H.hPRE150.scaler,27858094.0,678842017.0,27858094.0,678842017.0,355,0
H.hPRE150.scalerCut,27858094.0,678717773.0,27858094.0,678717773.0,355,0
H.hPRE150.scalerRate,1268400.417608205,1274746.2909250434,39.95441201589028,1315997.3304871754,355,153
H.EDTM.scaler,878.0,26965.0,878.0,26965.0,355,0
H.EDTM.scalerCut,878.0,24164.0,878.0,24164.0,355,0
H.EDTM.scalerRate,39.976014391365176,39.99946000728899,25.79114332138879,41.49925489974048,355,167
H.pPRE200.scaler,15259858.0,375345762.0,15259858.0,375345762.0,355,0
H.pPRE200.scalerCut,15259858.0,375247902.0,15259858.0,375247902.0,355,0
H.pPRE200.scalerRate,694793.0558293725,698071.5760337077,0.0,718163.9350818417,330,143
H.1MHz_CP.scaler,21963169.0,674895347.0,21963169.0,674895347.0,355,0
H.1MHz_CP.scalerCut,21963169.0,604804187.0,21963169.0,604804187.0,355,0
H.1MHz_CP.scalerRate,999999.9544692318,999999.9999999773,999997.8382818811,1000001.8547094451,355,193
H.1MHz_CP.scalerTime,21.96317,674.895349,21.96317,674.895349,355,0
H.1MHz_CP.scalerTimeCut,21.96317,604.80419,21.96317,604.80419,355,0
H.EDTM_CP.scaler,878.0,26965.0,878.0,26965.0,355,0
H.EDTM_CP.scalerCut,878.0,24164.0,878.0,24164.0,355,0
H.EDTM_CP.scalerRate,39.976014391365176,39.99946000728899,25.79114332138879,41.49925489974048,355,167
