4253	0	/cache/hallc/c-nps/analysis/pass2/replays/updated/nps_hms_coin_4253_0_1_-1.root
4253	1	/cache/hallc/c-nps/analysis/pass2/replays/updated/nps_hms_coin_4253_1_1_-1.root
4253	2	/cache/hallc/c-nps/analysis/pass2/replays/updated/nps_hms_coin_4253_2_1_-1.root
4254	0	/cache/hallc/c-nps/analysis/pass2/replays/updated/nps_hms_coin_4254_0_1_-1.root
4254	1	/cache/hallc/c-nps/analysis/pass2/replays/updated/nps_hms_coin_4254_1_1_-1.root
4254	2	/cache/hallc/c-nps/analysis/pass2/replays/updated/nps_hms_coin_4254_2_1_-1.root
4255	0	/cache/hallc/c-nps/analysis/pass2/replays/updated/nps_hms_coin_4255_0_1_-1.root
4256	0	/cache/hallc/c-nps/analysis/pass2/replays/updated/nps_hms_coin_4256_0_1_-1.root
4257	0	/cache/hallc/c-nps/analysis/pass2/replays/updated/nps_hms_coin_4257_0_1_-1.root
4258	0	/cache/hallc/c-nps/analysis/pass2/replays/updated/nps_hms_coin_4258_0_1_-1.root
4258	1	/cache/hallc/c-nps/analysis/pass2/replays/updated/nps_hms_coin_4258_1_1_-1.root
4259	0	/cache/hallc/c-nps/analysis/pass2/replays/updated/nps_hms_coin_4259_0_1_-1.root
4300	0	/cache/hallc/c-nps/analysis/pass2/replays/updated/nps_hms_coin_4300_0_1_-1.root
4300	1	/cache/hallc/c-nps/analysis/pass2/replays/updated/nps_hms_coin_4300_1_1_-1.root
4300	2	/cache/hallc/c-nps/analysis/pass2/replays/updated/nps_hms_coin_4300_2_1_-1.root
4300	3	/cache/hallc/c-nps/analysis/pass2/replays/updated/nps_hms_coin_4300_3_1_-1.root
4300	4	/cache/hallc/c-nps/analysis/pass2/replays/updated/nps_hms_coin_4300_4_1_-1.root
4300	5	/cache/hallc/c-nps/analysis/pass2/replays/updated/nps_hms_coin_4300_5_1_-1.root
4301	0	/cache/hallc/c-nps/analysis/pass2/replays/updated/nps_hms_coin_4301_0_1_-1.root
4301	1	/cache/hallc/c-nps/analysis/pass2/replays/updated/nps_hms_coin_4301_1_1_-1.root
4301	2	/cache/hallc/c-nps/analysis/pass2/replays/updated/nps_hms_coin_4301_2_1_-1.root
4301	3	/cache/hallc/c-nps/analysis/pass2/replays/updated/nps_hms_coin_4301_3_1_-1.root
4301	4	/cache/hallc/c-nps/analysis/pass2/replays/updated/nps_hms_coin_4301_4_1_-1.root
4301	5	/cache/hallc/c-nps/analysis/pass2/replays/updated/nps_hms_coin_4301_5_1_-1.root
4302	0	/cache/hallc/c-nps/analysis/pass2/replays/updated/nps_hms_coin_4302_0_1_-1.root
4302	1	/cache/hallc/c-nps/analysis/pass2/replays/updated/nps_hms_coin_4302_1_1_-1.root
4302	2	/cache/hallc/c-nps/analysis/pass2/replays/updated/nps_hms_coin_4302_2_1_-1.root
4302	3	/cache/hallc/c-nps/analysis/pass2/replays/updated/nps_hms_coin_4302_3_1_-1.root
4302	4	/cache/hallc/c-nps/analysis/pass2/replays/updated/nps_hms_coin_4302_4_1_-1.root
4302	5	/cache/hallc/c-nps/analysis/pass2/replays/updated/nps_hms_coin_4302_5_1_-1.root
4302	6	/cache/hallc/c-nps/analysis/pass2/replays/updated/nps_hms_coin_4302_6_1_-1.root
4302	7	/cache/hallc/c-nps/analysis/pass2/replays/updated/nps_hms_coin_4302_7_1_-1.root
4303	0	/cache/hallc/c-nps/analysis/pass2/replays/updated/nps_hms_coin_4303_0_1_-1.root
4303	1	/cache/hallc/c-nps/analysis/pass2/replays/updated/nps_hms_coin_4303_1_1_-1.root
4303	2	/cache/hallc/c-nps/analysis/pass2/replays/updated/nps_hms_coin_4303_2_1_-1.root
4303	3	/cache/hallc/c-nps/analysis/pass2/replays/updated/nps_hms_coin_4303_3_1_-1.root
4303	4	/cache/hallc/c-nps/analysis/pass2/replays/updated/nps_hms_coin_4303_4_1_-1.root
4303	5	/cache/hallc/c-nps/analysis/pass2/replays/updated/nps_hms_coin_4303_5_1_-1.root
4303	6	/cache/hallc/c-nps/analysis/pass2/replays/updated/nps_hms_coin_4303_6_1_-1.root
4304	0	/cache/hallc/c-nps/analysis/pass2/replays/updated/nps_hms_coin_4304_0_1_-1.root
4304	1	/cache/hallc/c-nps/analysis/pass2/replays/updated/nps_hms_coin_4304_1_1_-1.root
4305	0	/cache/hallc/c-nps/analysis/pass2/replays/updated/nps_hms_coin_4305_0_1_-1.root
4306	0	/cache/hallc/c-nps/analysis/pass2/replays/updated/nps_hms_coin_4306_0_1_-1.root
4308	0	/cache/hallc/c-nps/analysis/pass2/replays/updated/nps_hms_coin_4308_0_1_-1.root
4308	1	/cache/hallc/c-nps/analysis/pass2/replays/updated/nps_hms_coin_4308_1_1_-1.root
4308	2	/cache/hallc/c-nps/analysis/pass2/replays/updated/nps_hms_coin_4308_2_1_-1.root
4308	3	/cache/hallc/c-nps/analysis/pass2/replays/updated/nps_hms_coin_4308_3_1_-1.root
4308	4	/cache/hallc/c-nps/analysis/pass2/replays/updated/nps_hms_coin_4308_4_1_-1.root
4308	5	/cache/hallc/c-nps/analysis/pass2/replays/updated/nps_hms_coin_4308_5_1_-1.root
4349	0	/cache/hallc/c-nps/analysis/pass2/replays/updated/nps_hms_coin_4349_0_1_-1.root
4349	1	/cache/hallc/c-nps/analysis/pass2/replays/updated/nps_hms_coin_4349_1_1_-1.root
4349	2	/cache/hallc/c-nps/analysis/pass2/replays/updated/nps_hms_coin_4349_2_1_-1.root
4349	3	/cache/hallc/c-nps/analysis/pass2/replays/updated/nps_hms_coin_4349_3_1_-1.root
4349	4	/cache/hallc/c-nps/analysis/pass2/replays/updated/nps_hms_coin_4349_4_1_-1.root
4349	5	/cache/hallc/c-nps/analysis/pass2/replays/updated/nps_hms_coin_4349_5_1_-1.root
4350	0	/cache/hallc/c-nps/analysis/pass2/replays/updated/nps_hms_coin_4350_0_1_-1.root
4350	1	/cache/hallc/c-nps/analysis/pass2/replays/updated/nps_hms_coin_4350_1_1_-1.root
4350	2	/cache/hallc/c-nps/analysis/pass2/replays/updated/nps_hms_coin_4350_2_1_-1.root
4350	3	/cache/hallc/c-nps/analysis/pass2/replays/updated/nps_hms_coin_4350_3_1_-1.root
4350	4	/cache/hallc/c-nps/analysis/pass2/replays/updated/nps_hms_coin_4350_4_1_-1.root
4350	5	/cache/hallc/c-nps/analysis/pass2/replays/updated/nps_hms_coin_4350_5_1_-1.root
4351	0	/cache/hallc/c-nps/analysis/pass2/replays/updated/nps_hms_coin_4351_0_1_-1.root
4351	1	/cache/hallc/c-nps/analysis/pass2/replays/updated/nps_hms_coin_4351_1_1_-1.root
4351	2	/cache/hallc/c-nps/analysis/pass2/replays/updated/nps_hms_coin_4351_2_1_-1.root
4351	3	/cache/hallc/c-nps/analysis/pass2/replays/updated/nps_hms_coin_4351_3_1_-1.root
4351	4	/cache/hallc/c-nps/analysis/pass2/replays/updated/nps_hms_coin_4351_4_1_-1.root
4351	5	/cache/hallc/c-nps/analysis/pass2/replays/updated/nps_hms_coin_4351_5_1_-1.root
4351	6	/cache/hallc/c-nps/analysis/pass2/replays/updated/nps_hms_coin_4351_6_1_-1.root
4351	7	/cache/hallc/c-nps/analysis/pass2/replays/updated/nps_hms_coin_4351_7_1_-1.root
4352	0	/cache/hallc/c-nps/analysis/pass2/replays/updated/nps_hms_coin_4352_0_1_-1.root
4352	1	/cache/hallc/c-nps/analysis/pass2/replays/updated/nps_hms_coin_4352_1_1_-1.root
4352	2	/cache/hallc/c-nps/analysis/pass2/replays/updated/nps_hms_coin_4352_2_1_-1.root
4352	3	/cache/hallc/c-nps/analysis/pass2/replays/updated/nps_hms_coin_4352_3_1_-1.root
4352	4	/cache/hallc/c-nps/analysis/pass2/replays/updated/nps_hms_coin_4352_4_1_-1.root
4352	5	/cache/hallc/c-nps/analysis/pass2/replays/updated/nps_hms_coin_4352_5_1_-1.root
4352	6	/cache/hallc/c-nps/analysis/pass2/replays/updated/nps_hms_coin_4352_6_1_-1.root
4352	7	/cache/hallc/c-nps/analysis/pass2/replays/updated/nps_hms_coin_4352_7_1_-1.root
4353	0	/cache/hallc/c-nps/analysis/pass2/replays/updated/nps_hms_coin_4353_0_1_-1.root
4353	1	/cache/hallc/c-nps/analysis/pass2/replays/updated/nps_hms_coin_4353_1_1_-1.root
4354	0	/cache/hallc/c-nps/analysis/pass2/replays/updated/nps_hms_coin_4354_0_1_-1.root
4354	1	/cache/hallc/c-nps/analysis/pass2/replays/updated/nps_hms_coin_4354_1_1_-1.root
4355	0	/cache/hallc/c-nps/analysis/pass2/replays/updated/nps_hms_coin_4355_0_1_-1.root
4356	0	/cache/hallc/c-nps/analysis/pass2/replays/updated/nps_hms_coin_4356_0_1_-1.root
4356	1	/cache/hallc/c-nps/analysis/pass2/replays/updated/nps_hms_coin_4356_1_1_-1.root
4356	2	/cache/hallc/c-nps/analysis/pass2/replays/updated/nps_hms_coin_4356_2_1_-1.root
4356	3	/cache/hallc/c-nps/analysis/pass2/replays/updated/nps_hms_coin_4356_3_1_-1.root
4356	4	/cache/hallc/c-nps/analysis/pass2/replays/updated/nps_hms_coin_4356_4_1_-1.root
4356	5	/cache/hallc/c-nps/analysis/pass2/replays/updated/nps_hms_coin_4356_5_1_-1.root
4356	6	/cache/hallc/c-nps/analysis/pass2/replays/updated/nps_hms_coin_4356_6_1_-1.root
4397	0	/cache/hallc/c-nps/analysis/pass2/replays/updated/nps_hms_coin_4397_0_1_-1.root
4397	1	/cache/hallc/c-nps/analysis/pass2/replays/updated/nps_hms_coin_4397_1_1_-1.root
4397	2	/cache/hallc/c-nps/analysis/pass2/replays/updated/nps_hms_coin_4397_2_1_-1.root
4397	3	/cache/hallc/c-nps/analysis/pass2/replays/updated/nps_hms_coin_4397_3_1_-1.root
4397	4	/cache/hallc/c-nps/analysis/pass2/replays/updated/nps_hms_coin_4397_4_1_-1.root
4397	5	/cache/hallc/c-nps/analysis/pass2/replays/updated/nps_hms_coin_4397_5_1_-1.root
4397	6	/cache/hallc/c-nps/analysis/pass2/replays/updated/nps_hms_coin_4397_6_1_-1.root
4398	0	/cache/hallc/c-nps/analysis/pass2/replays/updated/nps_hms_coin_4398_0_1_-1.root
4398	1	/cache/hallc/c-nps/analysis/pass2/replays/updated/nps_hms_coin_4398_1_1_-1.root
4398	2	/cache/hallc/c-nps/analysis/pass2/replays/updated/nps_hms_coin_4398_2_1_-1.root
4398	3	/cache/hallc/c-nps/analysis/pass2/replays/updated/nps_hms_coin_4398_3_1_-1.root
4398	4	/cache/hallc/c-nps/analysis/pass2/replays/updated/nps_hms_coin_4398_4_1_-1.root
4398	5	/cache/hallc/c-nps/analysis/pass2/replays/updated/nps_hms_coin_4398_5_1_-1.root
4399	0	/cache/hallc/c-nps/analysis/pass2/replays/updated/nps_hms_coin_4399_0_1_-1.root
4399	1	/cache/hallc/c-nps/analysis/pass2/replays/updated/nps_hms_coin_4399_1_1_-1.root
4399	2	/cache/hallc/c-nps/analysis/pass2/replays/updated/nps_hms_coin_4399_2_1_-1.root
4399	3	/cache/hallc/c-nps/analysis/pass2/replays/updated/nps_hms_coin_4399_3_1_-1.root
4399	4	/cache/hallc/c-nps/analysis/pass2/replays/updated/nps_hms_coin_4399_4_1_-1.root
4399	5	/cache/hallc/c-nps/analysis/pass2/replays/updated/nps_hms_coin_4399_5_1_-1.root
4399	6	/cache/hallc/c-nps/analysis/pass2/replays/updated/nps_hms_coin_4399_6_1_-1.root
4400	0	/cache/hallc/c-nps/analysis/pass2/replays/updated/nps_hms_coin_4400_0_1_-1.root
4400	1	/cache/hallc/c-nps/analysis/pass2/replays/updated/nps_hms_coin_4400_1_1_-1.root
4400	2	/cache/hallc/c-nps/analysis/pass2/replays/updated/nps_hms_coin_4400_2_1_-1.root
4400	3	/cache/hallc/c-nps/analysis/pass2/replays/updated/nps_hms_coin_4400_3_1_-1.root
4400	4	/cache/hallc/c-nps/analysis/pass2/replays/updated/nps_hms_coin_4400_4_1_-1.root
4400	5	/cache/hallc/c-nps/analysis/pass2/replays/updated/nps_hms_coin_4400_5_1_-1.root
4400	6	/cache/hallc/c-nps/analysis/pass2/replays/updated/nps_hms_coin_4400_6_1_-1.root
4401	0	/cache/hallc/c-nps/analysis/pass2/replays/updated/nps_hms_coin_4401_0_1_-1.root
4401	1	/cache/hallc/c-nps/analysis/pass2/replays/updated/nps_hms_coin_4401_1_1_-1.root
4402	0	/cache/hallc/c-nps/analysis/pass2/replays/updated/nps_hms_coin_4402_0_1_-1.root
4403	0	/cache/hallc/c-nps/analysis/pass2/replays/updated/nps_hms_coin_4403_0_1_-1.root
4404	0	/cache/hallc/c-nps/analysis/pass2/replays/updated/nps_hms_coin_4404_0_1_-1.root
4404	1	/cache/hallc/c-nps/analysis/pass2/replays/updated/nps_hms_coin_4404_1_1_-1.root
4404	2	/cache/hallc/c-nps/analysis/pass2/replays/updated/nps_hms_coin_4404_2_1_-1.root
4404	3	/cache/hallc/c-nps/analysis/pass2/replays/updated/nps_hms_coin_4404_3_1_-1.root
4404	4	/cache/hallc/c-nps/analysis/pass2/replays/updated/nps_hms_coin_4404_4_1_-1.root
4404	5	/cache/hallc/c-nps/analysis/pass2/replays/updated/nps_hms_coin_4404_5_1_-1.root
4483	1	/cache/hallc/c-nps/analysis/pass2/replays/updated/nps_hms_coin_4483_1_1_-1.root
4484	0	/cache/hallc/c-nps/analysis/pass2/replays/updated/nps_hms_coin_4484_0_1_-1.root
4484	1	/cache/hallc/c-nps/analysis/pass2/replays/updated/nps_hms_coin_4484_1_1_-1.root
4484	2	/cache/hallc/c-nps/analysis/pass2/replays/updated/nps_hms_coin_4484_2_1_-1.root
4484	3	/cache/hallc/c-nps/analysis/pass2/replays/updated/nps_hms_coin_4484_3_1_-1.root
4484	4	/cache/hallc/c-nps/analysis/pass2/replays/updated/nps_hms_coin_4484_4_1_-1.root
4484	5	/cache/hallc/c-nps/analysis/pass2/replays/updated/nps_hms_coin_4484_5_1_-1.root
4484	6	/cache/hallc/c-nps/analysis/pass2/replays/updated/nps_hms_coin_4484_6_1_-1.root
4485	0	/cache/hallc/c-nps/analysis/pass2/replays/updated/nps_hms_coin_4485_0_1_-1.root
4485	1	/cache/hallc/c-nps/analysis/pass2/replays/updated/nps_hms_coin_4485_1_1_-1.root
4485	2	/cache/hallc/c-nps/analysis/pass2/replays/updated/nps_hms_coin_4485_2_1_-1.root
4485	3	/cache/hallc/c-nps/analysis/pass2/replays/updated/nps_hms_coin_4485_3_1_-1.root
4485	4	/cache/hallc/c-nps/analysis/pass2/replays/updated/nps_hms_coin_4485_4_1_-1.root
4485	5	/cache/hallc/c-nps/analysis/pass2/replays/updated/nps_hms_coin_4485_5_1_-1.root
4487	0	/cache/hallc/c-nps/analysis/pass2/replays/updated/nps_hms_coin_4487_0_1_-1.root
4487	1	/cache/hallc/c-nps/analysis/pass2/replays/updated/nps_hms_coin_4487_1_1_-1.root
4487	2	/cache/hallc/c-nps/analysis/pass2/replays/updated/nps_hms_coin_4487_2_1_-1.root
4488	0	/cache/hallc/c-nps/analysis/pass2/replays/updated/nps_hms_coin_4488_0_1_-1.root
4488	1	/cache/hallc/c-nps/analysis/pass2/replays/updated/nps_hms_coin_4488_1_1_-1.root
4488	2	/cache/hallc/c-nps/analysis/pass2/replays/updated/nps_hms_coin_4488_2_1_-1.root
4488	3	/cache/hallc/c-nps/analysis/pass2/replays/updated/nps_hms_coin_4488_3_1_-1.root
4488	4	/cache/hallc/c-nps/analysis/pass2/replays/updated/nps_hms_coin_4488_4_1_-1.root
4488	5	/cache/hallc/c-nps/analysis/pass2/replays/updated/nps_hms_coin_4488_5_1_-1.root
4489	0	/cache/hallc/c-nps/analysis/pass2/replays/updated/nps_hms_coin_4489_0_1_-1.root
4489	1	/cache/hallc/c-nps/analysis/pass2/replays/updated/nps_hms_coin_4489_1_1_-1.root
4489	2	/cache/hallc/c-nps/analysis/pass2/replays/updated/nps_hms_coin_4489_2_1_-1.root
4489	3	/cache/hallc/c-nps/analysis/pass2/replays/updated/nps_hms_coin_4489_3_1_-1.root
4489	4	/cache/hallc/c-nps/analysis/pass2/replays/updated/nps_hms_coin_4489_4_1_-1.root
4489	5	/cache/hallc/c-nps/analysis/pass2/replays/updated/nps_hms_coin_4489_5_1_-1.root
4489	6	/cache/hallc/c-nps/analysis/pass2/replays/updated/nps_hms_coin_4489_6_1_-1.root
4490	0	/cache/hallc/c-nps/analysis/pass2/replays/updated/nps_hms_coin_4490_0_1_-1.root
4490	1	/cache/hallc/c-nps/analysis/pass2/replays/updated/nps_hms_coin_4490_1_1_-1.root
4491	0	/cache/hallc/c-nps/analysis/pass2/replays/updated/nps_hms_coin_4491_0_1_-1.root
4492	0	/cache/hallc/c-nps/analysis/pass2/replays/updated/nps_hms_coin_4492_0_1_-1.root
4493	0	/cache/hallc/c-nps/analysis/pass2/replays/updated/nps_hms_coin_4493_0_1_-1.root
4493	1	/cache/hallc/c-nps/analysis/pass2/replays/updated/nps_hms_coin_4493_1_1_-1.root
4493	2	/cache/hallc/c-nps/analysis/pass2/replays/updated/nps_hms_coin_4493_2_1_-1.root
4493	3	/cache/hallc/c-nps/analysis/pass2/replays/updated/nps_hms_coin_4493_3_1_-1.root
4493	4	/cache/hallc/c-nps/analysis/pass2/replays/updated/nps_hms_coin_4493_4_1_-1.root
4493	5	/cache/hallc/c-nps/analysis/pass2/replays/updated/nps_hms_coin_4493_5_1_-1.root
4551	0	/cache/hallc/c-nps/analysis/pass2/replays/updated/nps_hms_coin_4551_0_1_-1.root
4551	1	/cache/hallc/c-nps/analysis/pass2/replays/updated/nps_hms_coin_4551_1_1_-1.root
4551	2	/cache/hallc/c-nps/analysis/pass2/replays/updated/nps_hms_coin_4551_2_1_-1.root
4551	3	/cache/hallc/c-nps/analysis/pass2/replays/updated/nps_hms_coin_4551_3_1_-1.root
4551	4	/cache/hallc/c-nps/analysis/pass2/replays/updated/nps_hms_coin_4551_4_1_-1.root
4551	5	/cache/hallc/c-nps/analysis/pass2/replays/updated/nps_hms_coin_4551_5_1_-1.root
4555	0	/cache/hallc/c-nps/analysis/pass2/replays/updated/nps_hms_coin_4555_0_1_-1.root
4555	1	/cache/hallc/c-nps/analysis/pass2/replays/updated/nps_hms_coin_4555_1_1_-1.root
4555	2	/cache/hallc/c-nps/analysis/pass2/replays/updated/nps_hms_coin_4555_2_1_-1.root
4555	3	/cache/hallc/c-nps/analysis/pass2/replays/updated/nps_hms_coin_4555_3_1_-1.root
4555	4	/cache/hallc/c-nps/analysis/pass2/replays/updated/nps_hms_coin_4555_4_1_-1.root
4555	5	/cache/hallc/c-nps/analysis/pass2/replays/updated/nps_hms_coin_4555_5_1_-1.root
4556	0	/cache/hallc/c-nps/analysis/pass2/replays/updated/nps_hms_coin_4556_0_1_-1.root
4556	1	/cache/hallc/c-nps/analysis/pass2/replays/updated/nps_hms_coin_4556_1_1_-1.root
4557	0	/cache/hallc/c-nps/analysis/pass2/replays/updated/nps_hms_coin_4557_0_1_-1.root
4558	0	/cache/hallc/c-nps/analysis/pass2/replays/updated/nps_hms_coin_4558_0_1_-1.root
4558	1	/cache/hallc/c-nps/analysis/pass2/replays/updated/nps_hms_coin_4558_1_1_-1.root
4558	2	/cache/hallc/c-nps/analysis/pass2/replays/updated/nps_hms_coin_4558_2_1_-1.root
4558	3	/cache/hallc/c-nps/analysis/pass2/replays/updated/nps_hms_coin_4558_3_1_-1.root
4558	4	/cache/hallc/c-nps/analysis/pass2/replays/updated/nps_hms_coin_4558_4_1_-1.root
4558	5	/cache/hallc/c-nps/analysis/pass2/replays/updated/nps_hms_coin_4558_5_1_-1.root
