run,segments,events,trigger,p,N,E_raw,E_tight,D,S,A,saved_NewGen,same_cache_NewGen,matched_raw_EDTM,matched_tight_EDTM,all_trigger_ratio,raw_subtracted_physics_ratio,counter_suspect_intervals,same_saved_files
4253,3,1204035,6,1,1146497,131199,131186,131233.0,1146865.0,1146496.0,1.00039076,1.000244140625,0.9997409188237715,0.9996418583740371,0.9996791252675773,0.9996711407281378,0,False
4254,3,1131990,6,1,1086464,125332,125312,125376.0,1086848.0,1086464.0,1.00039931,1.0003993099923332,0.999649055640633,0.9994895354772844,0.999646684725003,0.9996463755574785,0,True
4255,1,126977,6,1,111542,36899,36896,36899.0,111547.0,111542.0,1.0,1.0,1.0,0.9999186969836581,0.9999551758451595,0.999933018969028,0,True
4256,1,185308,6,1,176624,108858,108856,108861.0,176633.0,176624.0,0.99998163,0.9999816279475662,0.9999724419213493,0.9999540698689154,0.999949046893842,0.9999114678628342,0,True
4259,1,58600,6,5,56200,6632,6632,32181.0,281210.0,56200.0,1.03197539,1.0319753892048102,1.0304216773872783,1.0304216773872783,0.9992532271256357,0.9952254556698216,0,True
4300,6,3200599,4,1,2974260,116242,116231,116364.0,2977707.0,2974259.0,0.99884534,0.9989766433903202,0.9989515657763569,0.9988570348217661,0.9988423978584864,0.9988379582594606,0,False
4301,6,3032228,4,1,2830773,110665,110659,110761.0,2833354.0,2830773.0,0.9976526,0.9976526033531659,0.9991332689303997,0.9990790982385497,0.999089065467993,0.999087267175079,0,True
4302,8,3697226,4,1,3641129,142159,142142,142261.0,3643992.0,3641129.0,1.00165841,1.0016584099024715,0.999283007992352,0.9991635093244108,0.9992143231928061,0.9992115328104871,0,True
4303,7,3310432,4,1,3155821,123811,123801,123828.0,3156606.0,3153907.0,0.99766461,0.997664608720949,0.9998627127951675,0.9997819556158543,0.999751315178391,0.9997467668256628,1,True
4304,2,910682,4,1,898084,46146,46145,46185.0,898822.0,898084.0,0.99917579,0.999175794382388,0.9991555699902566,0.9991339179387247,0.9991789253044541,0.9991801903975549,0,True
4305,1,560647,4,1,538811,40132,40128,40066.0,537954.0,537765.0,1.0016972,1.0016971996206259,1.0016472819847253,1.0015474467129237,1.0015930730136777,1.0015887107140562,1,True
4306,1,693344,4,1,687662,94928,94926,94940.0,687782.0,687662.0,0.99988414,0.9998841373499052,0.9998736043817148,0.999852538445334,0.9998255261114714,0.9998178266721993,0,True
4308,6,436491,4,2,427262,16708,16707,33569.0,857186.0,427262.0,1.00232144,1.0023214447224817,0.9954422234799964,0.9953826447019571,0.9968944896440213,0.9969536811406272,0,True
4349,6,3214736,4,1,2926821,113783,113777,113855.0,2928641.0,2926820.0,0.99975407,0.999754073163234,0.9993676167054587,0.9993149180975802,0.9993785513485607,0.999378993642856,0,False
4350,6,3050355,4,1,2722281,105723,105712,105819.0,2724658.0,2722279.0,1.00132499,1.0013249921920102,0.9990927905196609,0.9989888394333721,0.9991275969314314,0.9991290033484304,0,False
4351,8,3807421,4,1,3596215,139487,139473,139621.0,3599403.0,3596215.0,0.99856876,0.9989172600225152,0.9990402589868286,0.9989399875376913,0.9991142975654573,0.9991172854243418,0,False
4352,8,3811434,4,1,3566506,138451,138438,138586.0,3570276.0,3566506.0,0.9979351,0.9985540775014459,0.999025875629573,0.9989320710605689,0.9989440592267936,0.998940755138139,0,False
4353,2,1020313,4,1,988335,50202,50196,50219.0,988794.0,988335.0,1.00091745,1.0009174494904167,0.9996614827057488,0.9995420060136602,0.999535798154115,0.9995290733292491,0,False
4354,2,931889,4,1,911821,67501,67501,67521.0,912185.0,911822.0,0.99986072,0.9995106834121676,0.999703795856104,0.999703795856104,0.999600958138974,0.9995927374672059,0,False
4355,1,731444,4,1,716791,98021,98019,98039.0,716908.0,716791.0,0.9998164,0.9998163995960792,0.9998163995960792,0.999795999551199,0.9998367991429863,0.9998400307658002,0,False
4356,7,482202,4,2,462201,17894,17893,35959.0,928386.0,462201.0,0.99829727,1.0004780786861274,0.9952445841096804,0.9951889652103785,0.9957086815182478,0.9957273816233708,0,False
4397,7,3495145,4,1,3406754,132198,132190,132280.0,3409079.0,3406754.0,1.00087975,1.0008797542755299,0.9993801028122166,0.9993196250377986,0.9993179976175384,0.9993154905137606,0,False
4398,6,3222394,4,1,2893284,112658,112650,112746.0,2895694.0,2893284.0,1.00160539,0.9985808809181701,0.9992194845049935,0.9991485285509021,0.9991677297393993,0.9991656329906272,0,False
4399,7,3450881,4,1,3377164,130941,130930,131041.0,3379960.0,3377164.0,1.00130973,1.001309732615406,0.9992368800604391,0.9991529368670874,0.9991727712753997,0.9991701855294023,0,False
4400,7,3569579,4,1,3516747,136555,136541,136652.0,3519546.0,3516747.0,1.00212966,1.0021296595482185,0.9992901677253169,0.9991877177062904,0.9992047269733085,0.9992012755942101,0,False
4401,2,776164,4,1,702658,35756,35755,35775.0,702992.0,702658.0,0.99767994,0.9976799440950385,0.9994689028651292,0.9994409503843467,0.999524887907686,0.9995278897270303,0,False
4402,1,808720,4,1,766483,56719,56714,56740.0,766755.0,766483.0,0.99821995,0.9982199506520972,0.999629890729644,0.9995417694747973,0.9996452582637217,0.9996464863418378,0,False
4403,1,658026,4,1,642405,87693,87691,87709.0,642577.0,642407.0,0.99985178,0.9998517825992772,0.9998175785837258,0.9997947759066914,0.9997323277988475,0.9997188520512987,0,False
4404,6,466141,4,2,466140,17990,17990,36232.0,935793.0,466140.0,0.99891162,0.998911617782491,0.9930448222565688,0.9930448222565688,0.9962459646524392,0.996374898422675,0,False
4484,7,3480951,4,1,3284053,127030,127016,127162.0,3287350.0,3284053.0,1.00052066,1.0005206648732654,0.9989619540428745,0.9988518582595429,0.9989970645048444,0.9989984773057805,0,False
4485,6,3211090,4,1,3002547,116407,116401,116544.0,3006045.0,3002548.0,1.00052449,1.0005244875498693,0.9988244783086216,0.9987729956068094,0.9988363447652979,0.9988368233823072,0,False
4487,3,1435976,4,1,1319216,51032,51029,51078.0,1320505.0,1319216.0,0.9983163,0.9983163005599279,0.9990994165785662,0.9990406828771683,0.9990238582966365,0.9990208180541299,0,False
4488,6,3057553,4,1,2796424,108622,108612,108749.0,2799768.0,2796424.0,1.00100923,0.997848256075918,0.9988321731694084,0.9987402183008579,0.9988056153224124,0.9988045420712377,0,False
4489,7,3366490,4,1,3231638,125121,125109,125230.0,3234411.0,3231639.0,0.99947196,0.9994719577566206,0.999129601533179,0.9990337778487582,0.9991426568855968,0.9991431827223953,0,False
4490,2,781888,4,1,747256,37821,37821,37832.0,747571.0,747256.0,0.99979398,1.001823852823007,0.9997092408543032,0.9997092408543032,0.9995786353403222,0.9995716735306923,0,False
4491,1,766430,4,1,723004,52916,52914,52926.0,723200.0,723004.0,0.99839398,0.9983939840532063,0.999811056947436,0.9997732683369233,0.9997289823008849,0.9997225015441447,0,False
4492,1,650271,4,1,624663,84522,84521,84526.0,624760.0,624663.0,0.99995268,0.9999526772827296,0.9999526772827296,0.999940846603412,0.999844740380306,0.9998278523750819,0,False
4493,6,455237,4,2,414968,15914,15914,32058.0,831619.0,414968.0,0.9852143,0.9852142990829122,0.9928255037744089,0.9928255037744089,0.9979762367141684,0.9981827527855911,0,False
4551,6,3402200,4,1,3172747,123835,123826,123925.0,3174997.0,3172747.0,0.9995637,0.9995636963003062,0.999273754286867,0.9992011297155537,0.9992913379130752,0.9992920521049651,0,False
4555,6,3145849,4,1,2870134,112169,112160,112270.0,2872882.0,2870134.0,0.99952725,0.9995272542391023,0.9991003830052552,0.9990202191146343,0.9990434692409922,0.9990411546425213,0,False
4556,2,911726,4,1,897779,45872,45869,45905.0,898455.0,897779.0,1.00270595,1.0027059465357337,0.9992811240605598,0.9992157717024289,0.9992475972641924,0.9992457920356578,0,False
4557,1,686454,4,1,668719,91929,91928,91935.0,668843.0,668719.0,0.99993474,0.9999347364986132,0.9999347364986132,0.999923859248382,0.9998146052212552,0.9997954613213892,0,False
4558,6,440866,4,2,419911,16468,16466,32969.0,842163.0,419911.0,0.99844555,0.9984455484775518,0.9989990597227699,0.9988777336285601,0.9972202530863977,0.99714777914814,0,False
