run,segment,saved_selection_present,current_window_match,low,high,event_clock_previous_fraction,event_current_previous_fraction,same_replay_as_saved
4253,0,True,True,33.7875,45.7125,1.0,1.0,True
4253,1,False,False,33.7875,45.7125,0.998709124105339,0.998709124105339,False
4253,2,True,True,33.7875,45.7125,0.9984567030530728,0.9984567030530728,True
4254,0,True,True,33.7875,45.7125,1.0,1.0,True
4254,1,True,True,33.7875,45.7125,0.9987672227861654,0.9987672227861654,True
4254,2,True,True,33.7875,45.7125,0.9978528785392592,0.9978528785392592,True
4255,0,True,True,16.787499999999998,22.7125,0.9999921245579908,0.9999921245579908,True
4256,0,True,True,8.7125,11.7875,0.9999946035789065,0.9999946035789065,True
4257,0,False,False,16.787499999999998,22.7125,0.9999984327394461,0.9999984327394461,False
4258,0,False,False,16.787499999999998,22.7125,1.0,1.0,False
4258,1,False,False,16.787499999999998,22.7125,0.9939787909651908,0.9939787909651908,False
4259,0,True,True,33.7875,45.7125,0.9999829351535836,0.9999829351535836,True
4300,0,True,True,33.3625,45.137499999999996,1.0,1.0,True
4300,1,True,True,33.3625,45.137499999999996,0.9986244528642686,0.9986244528642686,True
4300,2,True,True,32.9375,44.5625,0.9967083305826346,0.9967083305826346,True
4300,3,True,True,33.3625,45.137499999999996,0.9991509886903537,0.9991509886903537,True
4300,4,False,False,33.3625,45.137499999999996,0.9998053135896897,0.9998053135896897,False
4300,5,True,True,33.3625,45.137499999999996,0.997610117550199,0.997610117550199,True
4301,0,True,True,33.3625,45.137499999999996,1.0,1.0,True
4301,1,True,True,33.3625,45.137499999999996,0.9991170060170265,0.9991170060170265,True
4301,2,True,True,33.3625,45.137499999999996,0.998764350220547,0.998764350220547,True
4301,3,True,True,33.3625,45.137499999999996,0.9994662229288594,0.9994662229288594,True
4301,4,True,True,33.3625,45.137499999999996,0.9967988231864285,0.9967988231864285,True
4301,5,True,True,32.9375,44.5625,0.9969447767007455,0.9969447767007455,True
4302,0,True,True,32.9375,44.5625,1.0,1.0,True
4302,1,True,True,32.9375,44.5625,0.9984188037472238,0.9984188037472238,True
4302,2,True,True,32.9375,44.5625,0.9993905460593392,0.9993905460593392,True
4302,3,True,True,32.9375,44.5625,0.9964364934944185,0.9964364934944185,True
4302,4,True,True,33.3625,45.137499999999996,0.9968212858399059,0.9968212858399059,True
4302,5,True,True,32.9375,44.5625,0.9962861855201046,0.9962861855201046,True
4302,6,True,True,32.9375,44.5625,0.998952358251188,0.998952358251188,True
4302,7,True,True,33.3625,45.137499999999996,0.9840734712857475,0.9840734712857475,True
4303,0,True,True,32.9375,44.5625,1.0,1.0,True
4303,1,True,True,32.9375,44.5625,0.9972068257366452,0.9972068257366452,True
4303,2,True,True,32.9375,44.5625,0.9996398445644963,0.9996398445644963,True
4303,3,True,True,32.9375,44.5625,0.996993101283953,0.996993101283953,True
4303,4,True,True,32.9375,44.5625,0.9965316470594936,0.9965316470594936,True
4303,5,True,True,32.9375,44.5625,0.9966124583270992,0.9966124583270992,True
4303,6,True,True,32.9375,44.5625,0.99647958400956,0.99647958400956,True
4304,0,True,True,24.8625,33.637499999999996,1.0,1.0,True
4304,1,True,True,24.8625,33.637499999999996,0.9945715161620768,0.9945715161620768,True
4305,0,True,True,16.3625,22.1375,0.9999982163464711,0.9999982163464711,True
4306,0,True,True,8.2875,11.212499999999999,0.9999985577144967,0.9999985577144967,True
4308,0,True,True,32.9375,44.5625,1.0,1.0,True
4308,1,True,True,32.512499999999996,43.9875,0.9978188366283273,0.9978188366283273,True
4308,2,True,True,32.512499999999996,43.9875,0.9955622614715541,0.9955622614715541,True
4308,3,True,True,32.9375,44.5625,0.9947246950214309,0.9947246950214309,True
4308,4,True,True,32.9375,44.5625,0.9936214461437013,0.9936214461437013,True
4308,5,True,True,32.9375,44.5625,0.9813015451701583,0.9813015451701583,True
4349,0,True,True,32.9375,44.5625,1.0,1.0,False
4349,1,True,True,33.3625,45.137499999999996,0.9986865290855431,0.9986865290855431,False
4349,2,True,True,33.3625,45.137499999999996,0.9999686577015402,0.9999686577015402,False
4349,3,True,True,32.9375,44.5625,0.9997708251041535,0.9997708251041535,False
4349,4,True,True,33.3625,45.137499999999996,0.9989610498145275,0.9989610498145275,False
4349,5,True,True,33.3625,45.137499999999996,0.9984337616609192,0.9984337616609192,False
4350,0,True,True,32.9375,44.5625,1.0,1.0,False
4350,1,True,True,32.9375,44.5625,0.9984530544206079,0.9984530544206079,False
4350,2,True,True,33.3625,45.137499999999996,0.9995941865376917,0.9995941865376917,False
4350,3,True,True,33.3625,45.137499999999996,0.9995796444103086,0.9995796444103086,False
4350,4,True,True,33.7875,45.7125,0.9982765028087618,0.9982765028087618,False
4350,5,True,True,33.3625,45.137499999999996,0.9995004978908121,0.9995004978908121,False
4351,0,True,True,33.3625,45.137499999999996,1.0,1.0,True
4351,1,True,True,33.3625,45.137499999999996,0.9971811518403266,0.9971811518403266,True
4351,2,True,True,33.3625,45.137499999999996,0.9964604496617362,0.9964604496617362,True
4351,3,True,True,33.3625,45.137499999999996,0.9980948225439102,0.9980948225439102,True
4351,4,True,True,33.3625,45.137499999999996,0.9995319278483903,0.9995319278483903,True
4351,5,True,True,33.3625,45.137499999999996,0.998310891960499,0.998310891960499,True
4351,6,False,False,33.3625,45.137499999999996,0.9990041539434954,0.9990041539434954,False
4351,7,True,True,33.3625,45.137499999999996,0.9887643982350044,0.9887643982350044,True
4352,0,False,False,33.3625,45.137499999999996,1.0,1.0,False
4352,1,False,False,33.3625,45.137499999999996,0.9987884047517075,0.9987884047517075,False
4352,2,False,False,33.3625,45.137499999999996,0.9980080902181907,0.9980080902181907,False
4352,3,False,False,33.3625,45.137499999999996,0.9978558842481624,0.9978558842481624,False
4352,4,False,False,32.9375,44.5625,0.9973276342687233,0.9973276342687233,False
4352,5,False,False,33.3625,45.137499999999996,0.9980112043198492,0.9980112043198492,False
4352,6,False,False,33.3625,45.137499999999996,0.9998362809114965,0.9998362809114965,False
4352,7,True,True,33.3625,45.137499999999996,0.9890287994015708,0.9890287994015708,True
4353,0,True,True,24.8625,33.637499999999996,1.0,1.0,False
4353,1,True,True,24.8625,33.637499999999996,0.9990668139450101,0.9990668139450101,False
4354,0,False,False,16.787499999999998,22.7125,1.0,1.0,False
4354,1,True,True,16.787499999999998,22.7125,0.996146828268825,0.996146828268825,True
4355,0,True,True,8.2875,11.212499999999999,0.9999986328413385,0.9999986328413385,False
4356,0,False,False,33.3625,45.137499999999996,1.0,1.0,False
4356,1,True,True,33.3625,45.137499999999996,0.9981232326050292,0.9981232326050292,True
4356,2,False,False,33.3625,45.137499999999996,0.9946739709350986,0.9946739709350986,False
4356,3,True,True,33.3625,45.137499999999996,0.9930000760861295,0.9930000760861295,True
4356,4,True,True,33.3625,45.137499999999996,0.9907313485824415,0.9907313485824415,True
4356,5,True,True,33.3625,45.137499999999996,0.9884732437230536,0.9884732437230536,True
4356,6,True,True,33.3625,45.137499999999996,0.8892948079264917,0.8892948079264917,True
4397,0,True,True,33.3625,45.137499999999996,1.0,1.0,False
4397,1,True,True,33.3625,45.137499999999996,0.9970814038169679,0.9970814038169679,False
4397,2,True,True,33.3625,45.137499999999996,0.9973929250694649,0.9973929250694649,False
4397,3,True,True,33.3625,45.137499999999996,0.997809273261663,0.997809273261663,False
4397,4,True,True,33.3625,45.137499999999996,0.9995727265803079,0.9995727265803079,False
4397,5,True,True,33.3625,45.137499999999996,0.9977733371395946,0.9977733371395946,False
4397,6,True,True,33.3625,45.137499999999996,0.9984804437619319,0.9984804437619319,False
4398,0,True,True,33.3625,45.137499999999996,1.0,1.0,True
4398,1,False,False,33.3625,45.137499999999996,0.9984883188273018,0.9984883188273018,False
4398,2,False,False,33.3625,45.137499999999996,0.9985784583794801,0.9985784583794801,False
4398,3,False,False,33.3625,45.137499999999996,0.9997253506715446,0.9997253506715446,False
4398,4,False,False,33.3625,45.137499999999996,0.9999503349630823,0.9999503349630823,False
4398,5,False,False,33.3625,45.137499999999996,0.9996869560362652,0.9996869560362652,False
4399,0,True,True,33.3625,45.137499999999996,1.0,1.0,False
4399,1,True,True,33.3625,45.137499999999996,0.999820777596437,0.999820777596437,False
4399,2,True,True,33.3625,45.137499999999996,0.9965907034948587,0.9965907034948587,False
4399,3,True,True,33.3625,45.137499999999996,0.9999981236795394,0.9999981236795394,False
4399,4,True,True,33.3625,45.137499999999996,0.9998156234654887,0.9998156234654887,False
4399,5,True,True,33.3625,45.137499999999996,0.9970883008115066,0.9970883008115066,False
4399,6,True,True,33.3625,45.137499999999996,0.9931785647150686,0.9931785647150686,False
4400,0,True,True,33.3625,45.137499999999996,1.0,1.0,False
4400,1,True,True,33.3625,45.137499999999996,0.9996993751569718,0.9996993751569718,False
4400,2,True,True,33.3625,45.137499999999996,0.9973141890938774,0.9973141890938774,False
4400,3,True,True,33.3625,45.137499999999996,0.998786828747846,0.998786828747846,False
4400,4,True,True,33.3625,45.137499999999996,0.9991273183576854,0.9991273183576854,False
4400,5,True,True,33.3625,45.137499999999996,0.998441058479365,0.998441058479365,False
4400,6,True,True,33.3625,45.137499999999996,0.9981350769564657,0.9981350769564657,False
4401,0,True,True,25.287499999999998,34.2125,1.0,1.0,False
4401,1,True,True,25.287499999999998,34.2125,0.9881246189135042,0.9881246189135042,False
4402,0,True,True,16.787499999999998,22.7125,0.9999987634780888,0.9999987634780888,False
4403,0,True,True,8.7125,11.7875,0.9999984803032099,0.9999984803032099,False
4404,0,True,True,33.3625,45.137499999999996,1.0,1.0,False
4404,1,True,True,33.3625,45.137499999999996,0.9976413898047172,0.9976413898047172,False
4404,2,True,True,33.3625,45.137499999999996,0.9965128517264554,0.9965128517264554,False
4404,3,True,True,33.3625,45.137499999999996,0.9933175253287346,0.9933175253287346,False
4404,4,True,True,33.3625,45.137499999999996,0.9916437366065202,0.9916437366065202,False
4404,5,True,True,33.3625,45.137499999999996,0.9875548131133849,0.9875548131133849,False
4483,1,False,False,33.7875,45.7125,0.9994538828389441,0.9994538828389441,False
4484,0,True,True,33.7875,45.7125,1.0,1.0,False
4484,1,True,True,33.7875,45.7125,0.9978110977344862,0.9978110977344862,False
4484,2,True,True,33.7875,45.7125,0.9980565553457635,0.9980565553457635,False
4484,3,True,True,33.7875,45.7125,0.998985761941731,0.998985761941731,False
4484,4,True,True,33.7875,45.7125,0.9965448677668738,0.9965448677668738,False
4484,5,True,True,33.7875,45.7125,0.9990924572520673,0.9990924572520673,False
4484,6,True,True,33.7875,45.7125,0.9964597741841676,0.9964597741841676,False
4485,0,True,True,33.7875,45.7125,1.0,1.0,False
4485,1,True,True,33.7875,45.7125,0.9992791069365737,0.9992791069365737,False
4485,2,True,True,33.7875,45.7125,0.9974068818343816,0.9974068818343816,False
4485,3,True,True,33.7875,45.7125,0.9978449347972853,0.9978449347972853,False
4485,4,True,True,33.7875,45.7125,0.9971565302066628,0.9971565302066628,False
4485,5,True,True,33.7875,45.7125,0.9972773926101983,0.9972773926101983,False
4487,0,True,True,33.7875,45.7125,1.0,1.0,False
4487,1,True,True,33.7875,45.7125,0.9991179920583138,0.9991179920583138,False
4487,2,True,True,33.7875,45.7125,0.9934144471567926,0.9934144471567926,False
4488,0,False,False,33.7875,45.7125,1.0,1.0,False
4488,1,False,False,33.7875,45.7125,0.9964661643323459,0.9964661643323459,False
4488,2,False,False,33.7875,45.7125,0.9980608764057314,0.9980608764057314,False
4488,3,False,False,33.7875,45.7125,0.9991560251132228,0.9991560251132228,False
4488,4,True,True,33.7875,45.7125,0.9976000424771243,0.9976000424771243,True
4488,5,False,False,33.7875,45.7125,0.999406264515217,0.999406264515217,False
4489,0,True,True,33.7875,45.7125,1.0,1.0,False
4489,1,True,True,33.7875,45.7125,0.9999140979831304,0.9999140979831304,False
4489,2,True,True,33.7875,45.7125,0.9982746990217869,0.9982746990217869,False
4489,3,True,True,33.7875,45.7125,0.9984114750123934,0.9984114750123934,False
4489,4,True,True,33.7875,45.7125,0.9993174395110187,0.9993174395110187,False
4489,5,True,True,33.7875,45.7125,0.9984871461648162,0.9984871461648162,False
4489,6,True,True,33.7875,45.7125,0.955392972496819,0.955392972496819,False
4490,0,False,False,25.287499999999998,34.2125,1.0,1.0,False
4490,1,True,True,25.287499999999998,34.2125,0.9920149331121021,0.9920149331121021,True
4491,0,True,True,17.2125,23.287499999999998,0.9999986952494031,0.9999986952494031,False
4492,0,True,True,8.7125,11.7875,0.9999984621796143,0.9999984621796143,False
4493,0,True,True,33.7875,45.7125,1.0,1.0,False
4493,1,True,True,33.7875,45.7125,0.997997211306883,0.997997211306883,False
4493,2,True,True,33.7875,45.7125,0.996449944213409,0.996449944213409,False
4493,3,True,True,33.7875,45.7125,0.9937240085201339,0.9937240085201339,False
4493,4,True,True,33.7875,45.7125,0.992037832971993,0.992037832971993,False
4493,5,True,True,34.2125,46.287499999999994,0.9880506245890861,0.9880506245890861,False
4551,0,True,True,33.3625,45.137499999999996,1.0,1.0,False
4551,1,True,True,33.3625,45.137499999999996,0.9988559665344131,0.9988559665344131,False
4551,2,True,True,33.3625,45.137499999999996,0.9971407584791149,0.9971407584791149,False
4551,3,True,True,33.3625,45.137499999999996,0.9975892155144135,0.9975892155144135,False
4551,4,True,True,33.3625,45.137499999999996,0.9978962938050485,0.9978962938050485,False
4551,5,True,True,33.3625,45.137499999999996,0.9972297365856647,0.9972297365856647,False
4555,0,True,True,33.3625,45.137499999999996,1.0,1.0,False
4555,1,True,True,33.3625,45.137499999999996,0.9986819700629093,0.9986819700629093,False
4555,2,True,True,33.3625,45.137499999999996,0.9994804513341699,0.9994804513341699,False
4555,3,True,True,33.3625,45.137499999999996,0.9979933558566502,0.9979933558566502,False
4555,4,True,True,33.3625,45.137499999999996,0.9969728815127661,0.9969728815127661,False
4555,5,True,True,33.3625,45.137499999999996,0.9936678032148076,0.9936678032148076,False
4556,0,True,True,24.8625,33.637499999999996,1.0,1.0,False
4556,1,True,True,24.8625,33.637499999999996,0.9997432547050867,0.9997432547050867,False
4557,0,True,True,8.2875,11.212499999999999,0.9999985432381485,0.9999985432381485,False
4558,0,True,True,33.3625,45.137499999999996,1.0,1.0,False
4558,1,True,True,33.3625,45.137499999999996,0.9983901227056079,0.9983901227056079,False
4558,2,True,True,33.3625,45.137499999999996,0.9964629817444219,0.9964629817444219,False
4558,3,True,True,33.3625,45.137499999999996,0.9937878749461193,0.9937878749461193,False
4558,4,True,True,32.9375,44.5625,0.9936992900608519,0.9936992900608519,False
4558,5,True,True,33.3625,45.137499999999996,0.9840490797546012,0.9840490797546012,False
